rank,author,author_alias,attribution_link,asset_count,map_count,mod_count,download_change,adjusted_download_change,current_total,adjusted_current_total,baseline_total,adjusted_baseline_total,latest_snapshot,baseline_snapshot,map_download_change,adjusted_map_download_change,mod_download_change,adjusted_mod_download_change
1,ahkimn,Yukina-,https://subwaybuildermodded.com/credits,132,131,1,921,921,52030,52030,51109,51109,snapshot_2026_09_10.json,snapshot_2026_09_07.json,875,875,46,46
2,kimth9,kimth9,https://github.com/kimth9,20,19,1,391,391,8949,8949,8558,8558,snapshot_2026_09_10.json,snapshot_2026_09_07.json,387,387,4,4
3,pierreggt,pierreggt,https://github.com/pierreggt,77,77,0,252,252,7485,7485,7233,7233,snapshot_2026_09_10.json,snapshot_2026_09_07.json,252,252,0,0
4,BarKuperman,BarKuperman,https://github.com/BarKuperman,14,11,3,153,153,11367,11367,11214,11214,snapshot_2026_09_10.json,snapshot_2026_09_07.json,68,68,85,85
5,Valdotorium,Valdotorium,https://github.com/Valdotorium,7,4,3,146,146,14503,14503,14357,14357,snapshot_2026_09_10.json,snapshot_2026_09_07.json,50,50,96,96
6,martig7,martig7,https://github.com/martig7,2,0,2,115,115,10153,10153,10038,10038,snapshot_2026_09_10.json,snapshot_2026_09_07.json,0,0,115,115
7,crumpetime,muffintime,https://github.com/crumpetime,9,8,1,114,114,13276,13276,13162,13162,snapshot_2026_09_10.json,snapshot_2026_09_07.json,39,39,75,75
8,rslurry,slurry,https://github.com/rslurry,35,33,2,110,110,22126,22126,22016,22016,snapshot_2026_09_10.json,snapshot_2026_09_07.json,90,90,20,20
9,devenperez,devenperez,https://github.com/devenperez,8,8,0,102,102,11076,11076,10974,10974,snapshot_2026_09_10.json,snapshot_2026_09_07.json,102,102,0,0
10,Maximilian284,max02,https://github.com/Maximilian284,21,21,0,101,101,9749,9749,9648,9648,snapshot_2026_09_10.json,snapshot_2026_09_07.json,101,101,0,0
11,seanyushoumori,seanyushoumori,https://github.com/seanyushoumori,5,0,5,88,88,6752,6752,6664,6664,snapshot_2026_09_10.json,snapshot_2026_09_07.json,0,0,88,88
12,YellowAquarium,YellowAquarium,https://github.com/YellowAquarium,1,0,1,69,69,136,136,67,67,snapshot_2026_09_10.json,snapshot_2026_09_07.json,0,0,69,69
13,DanielD1909,DanielD1909,https://github.com/DanielD1909,4,1,3,66,66,4060,4060,3994,3994,snapshot_2026_09_10.json,snapshot_2026_09_07.json,2,2,64,64
14,nzh0172,naz,https://github.com/nzh0172,8,5,3,63,63,7017,7017,6954,6954,snapshot_2026_09_10.json,snapshot_2026_09_07.json,9,9,54,54
15,Kronifer,Kronifer,https://github.com/Kronifer,10,10,0,57,57,10472,10472,10415,10415,snapshot_2026_09_10.json,snapshot_2026_09_07.json,57,57,0,0
16,roquerodrigo,roquerodrigo,https://github.com/roquerodrigo,2,0,2,50,50,2582,2582,2532,2532,snapshot_2026_09_10.json,snapshot_2026_09_07.json,0,0,50,50
17,holapapie-png,holapapie-png,https://github.com/holapapie-png,2,2,0,44,44,44,44,0,0,snapshot_2026_09_10.json,snapshot_2026_09_07.json,44,44,0,0
18,danielloong714,danielloong714,https://github.com/danielloong714,1,0,1,40,40,264,264,224,224,snapshot_2026_09_10.json,snapshot_2026_09_07.json,0,0,40,40
19,rexmhall09,rexmhall09,https://github.com/rexmhall09,1,0,1,38,38,1222,1222,1184,1184,snapshot_2026_09_10.json,snapshot_2026_09_07.json,0,0,38,38
20,pendulating,pendulating,https://github.com/pendulating,1,0,1,33,33,2199,2199,2166,2166,snapshot_2026_09_10.json,snapshot_2026_09_07.json,0,0,33,33
21,ryandicicco,ryandicicco,https://github.com/ryandicicco,7,7,0,29,29,4452,4452,4423,4423,snapshot_2026_09_10.json,snapshot_2026_09_07.json,29,29,0,0
22,kaicardenas0618,kaicardenas0618,https://github.com/kaicardenas0618,13,10,3,22,22,3900,3900,3878,3878,snapshot_2026_09_10.json,snapshot_2026_09_07.json,3,3,19,19
23,Bobby-047,Bobby-047,https://github.com/Bobby-047,1,0,1,21,21,3716,3716,3695,3695,snapshot_2026_09_10.json,snapshot_2026_09_07.json,0,0,21,21
24,Rmerr1,Rmerr1,https://github.com/Rmerr1,1,1,0,21,21,506,506,485,485,snapshot_2026_09_10.json,snapshot_2026_09_07.json,21,21,0,0
25,NoahGarrf,NoahGarrf,https://github.com/NoahGarrf,3,0,3,20,20,114,114,94,94,snapshot_2026_09_10.json,snapshot_2026_09_07.json,0,0,20,20
26,Gio1112,giorgiodabest,https://giorgio.is-a.dev/,1,0,1,16,16,2796,2796,2780,2780,snapshot_2026_09_10.json,snapshot_2026_09_07.json,0,0,16,16
27,TransitCore,TransitCore,https://github.com/TransitCore,2,0,2,16,16,1527,1527,1511,1511,snapshot_2026_09_10.json,snapshot_2026_09_07.json,0,0,16,16
28,PSWBSF,Potato Spaghetti Water Balloon Space Federation,https://youtu.be/dQw4w9WgXcQ?t=0,10,10,0,15,13,1723,1721,1708,1708,snapshot_2026_09_10.json,snapshot_2026_09_07.json,15,13,0,0
29,hsullivan1201,hsullivan1201,https://github.com/hsullivan1201,1,0,1,14,14,2611,2611,2597,2597,snapshot_2026_09_10.json,snapshot_2026_09_07.json,0,0,14,14
30,WillBarouch,WillBarouch,https://github.com/WillBarouch,1,1,0,14,14,1363,1363,1349,1349,snapshot_2026_09_10.json,snapshot_2026_09_07.json,14,14,0,0
31,m4d5hr1mp,m4d5hr1mp,https://github.com/m4d5hr1mp,1,0,1,12,12,305,305,293,293,snapshot_2026_09_10.json,snapshot_2026_09_07.json,0,0,12,12
32,cromstar,cromstar,https://github.com/cromstar,1,1,0,10,10,373,373,363,363,snapshot_2026_09_10.json,snapshot_2026_09_07.json,10,10,0,0
33,xoaninc,xoaninc,https://github.com/xoaninc,1,0,1,10,10,176,176,166,166,snapshot_2026_09_10.json,snapshot_2026_09_07.json,0,0,10,10
34,Mpfk,Mpfk,https://github.com/Mpfk,1,0,1,8,8,1890,1890,1882,1882,snapshot_2026_09_10.json,snapshot_2026_09_07.json,0,0,8,8
35,NerdieSanders,NerdieSanders,https://github.com/NerdieSanders,2,2,0,6,6,1039,1039,1033,1033,snapshot_2026_09_10.json,snapshot_2026_09_07.json,6,6,0,0
36,Tesarzh,Tesarzh,https://github.com/Tesarzh,1,0,1,6,6,251,251,245,245,snapshot_2026_09_10.json,snapshot_2026_09_07.json,0,0,6,6
37,jelegend,jelegend,https://github.com/jelegend,1,1,0,5,5,3769,3769,3764,3764,snapshot_2026_09_10.json,snapshot_2026_09_07.json,5,5,0,0
38,Capitao-piolho,Miguel Sousa,https://github.com/Capitao-piolho,1,1,0,5,5,612,612,607,607,snapshot_2026_09_10.json,snapshot_2026_09_07.json,5,5,0,0
39,lexenygma,lexenygma,https://github.com/lexenygma,1,1,0,5,5,131,131,126,126,snapshot_2026_09_10.json,snapshot_2026_09_07.json,5,5,0,0
40,prodigious-penguin,prodigious-penguin,https://github.com/prodigious-penguin,1,0,1,4,4,215,215,211,211,snapshot_2026_09_10.json,snapshot_2026_09_07.json,0,0,4,4
41,giannons46,giannons46,https://github.com/giannons46,1,1,0,4,4,173,173,169,169,snapshot_2026_09_10.json,snapshot_2026_09_07.json,4,4,0,0
42,worstboyinaustral1a,worstboyinaustral1a,https://github.com/worstboyinaustral1a,1,1,0,3,3,371,371,368,368,snapshot_2026_09_10.json,snapshot_2026_09_07.json,3,3,0,0
43,hernang87,hernang87,https://github.com/hernang87,1,1,0,3,3,145,145,142,142,snapshot_2026_09_10.json,snapshot_2026_09_07.json,3,3,0,0
44,bean1322,bean1322,https://github.com/bean1322,2,2,0,2,2,181,181,179,179,snapshot_2026_09_10.json,snapshot_2026_09_07.json,2,2,0,0
45,chasemanning040911-afk,lechicken,https://github.com/chasemanning040911-afk,1,1,0,1,1,380,380,379,379,snapshot_2026_09_10.json,snapshot_2026_09_07.json,1,1,0,0
46,arniber21,arniber21,https://github.com/arniber21,1,0,1,1,1,245,245,244,244,snapshot_2026_09_10.json,snapshot_2026_09_07.json,0,0,1,1
47,Phineapoo,Phineapoo,https://github.com/Phineapoo,1,1,0,1,1,156,156,155,155,snapshot_2026_09_10.json,snapshot_2026_09_07.json,1,1,0,0
48,JayToTheAy,JayToTheAy,https://github.com/JayToTheAy,1,1,0,1,1,145,145,144,144,snapshot_2026_09_10.json,snapshot_2026_09_07.json,1,1,0,0
49,JcPires,JcPires,https://github.com/JcPires,1,1,0,1,1,94,94,93,93,snapshot_2026_09_10.json,snapshot_2026_09_07.json,1,1,0,0
50,stefanorigano,Steno,https://github.com/stefanorigano,1,0,1,0,0,14278,14278,14278,14278,snapshot_2026_09_10.json,snapshot_2026_09_07.json,0,0,0,0
51,soccerjonj,soccerjonj,https://github.com/soccerjonj,7,7,0,0,0,1662,1662,1662,1662,snapshot_2026_09_10.json,snapshot_2026_09_07.json,0,0,0,0
52,IMB11,IMB11,https://github.com/IMB11,2,0,2,0,0,1288,1288,1288,1288,snapshot_2026_09_10.json,snapshot_2026_09_07.json,0,0,0,0
53,metatablestudios,metatablestudios,https://github.com/metatablestudios,1,1,0,0,0,314,314,314,314,snapshot_2026_09_10.json,snapshot_2026_09_07.json,0,0,0,0
54,bquelhas,bquelhas,https://github.com/bquelhas,1,1,0,0,0,268,268,268,268,snapshot_2026_09_10.json,snapshot_2026_09_07.json,0,0,0,0
55,TathanDev,TathanDev,https://github.com/TathanDev,1,0,1,0,0,212,212,212,212,snapshot_2026_09_10.json,snapshot_2026_09_07.json,0,0,0,0
56,matematysek,matematysek,https://github.com/matematysek,1,0,1,0,0,23,23,23,23,snapshot_2026_09_10.json,snapshot_2026_09_07.json,0,0,0,0
57,akospanov,akospanov,https://github.com/akospanov,1,1,0,0,0,0,0,0,0,snapshot_2026_09_10.json,snapshot_2026_09_07.json,0,0,0,0
58,Meszier83,Meszier83,https://github.com/Meszier83,1,1,0,0,0,0,0,0,0,snapshot_2026_09_10.json,snapshot_2026_09_07.json,0,0,0,0
59,subway-builder-modded-admin,Subway Builder Modded,https://subwaybuildermodded.com,2,0,2,0,0,0,0,0,0,snapshot_2026_09_10.json,snapshot_2026_09_07.json,0,0,0,0
