rank,listing_type,id,name,author,author_alias,attribution_link,download_change,adjusted_download_change,current_total,adjusted_current_total,baseline_total,adjusted_baseline_total,latest_snapshot,baseline_snapshot
1,map,busan-3,Busan (30km×30km),kimth9,kimth9,https://github.com/kimth9,347,347,837,837,490,490,snapshot_2026_09_10.json,snapshot_2026_09_07.json
2,map,yukina-ua-kyiv,Київ / Kyiv,ahkimn,Yukina-,https://subwaybuildermodded.com/credits,95,95,528,528,433,433,snapshot_2026_09_10.json,snapshot_2026_09_07.json
3,mod,distance-circles,Station Catchment Viewer,crumpetime,muffintime,https://github.com/crumpetime,77,77,8180,8180,8103,8103,snapshot_2026_09_10.json,snapshot_2026_09_07.json
4,mod,japanese-trains,Japanese Trains,kaicardenas0618,kaicardenas0618,https://github.com/kaicardenas0618,73,73,1144,1144,1071,1071,snapshot_2026_09_10.json,snapshot_2026_09_07.json
5,mod,transit-overlay,Transit Overlay,BarKuperman,BarKuperman,https://github.com/BarKuperman,63,63,5440,5440,5377,5377,snapshot_2026_09_10.json,snapshot_2026_09_07.json
6,mod,improved-schematics,Improved Schematics,martig7,martig7,https://github.com/martig7,62,62,6016,6016,5954,5954,snapshot_2026_09_10.json,snapshot_2026_09_07.json
7,mod,dantrains-abridged,Dan Trains Abridged,DanielD1909,DanielD1909,https://github.com/DanielD1909,60,60,851,851,791,791,snapshot_2026_09_10.json,snapshot_2026_09_07.json
8,mod,induced-demand,Induced Demand,martig7,martig7,https://github.com/martig7,54,54,4138,4138,4084,4084,snapshot_2026_09_10.json,snapshot_2026_09_07.json
9,map,yukina-ua-lviv,Львів / Lviv,ahkimn,Yukina-,https://subwaybuildermodded.com/credits,49,49,196,196,147,147,snapshot_2026_09_10.json,snapshot_2026_09_07.json
10,map,yukina-ua-kharkiv,Харків / Kharkiv,ahkimn,Yukina-,https://subwaybuildermodded.com/credits,49,49,187,187,138,138,snapshot_2026_09_10.json,snapshot_2026_09_07.json
11,mod,subwaybuilder-regions,Regions,ahkimn,Yukina-,https://subwaybuildermodded.com/credits,46,46,5363,5363,5317,5317,snapshot_2026_09_10.json,snapshot_2026_09_07.json
12,map,yukina-ua-dnipro,Дніпро / Dnipro,ahkimn,Yukina-,https://subwaybuildermodded.com/credits,45,45,168,168,123,123,snapshot_2026_09_10.json,snapshot_2026_09_07.json
13,map,yukina-ua-odesa,Одеса / Odesa,ahkimn,Yukina-,https://subwaybuildermodded.com/credits,43,43,190,190,147,147,snapshot_2026_09_10.json,snapshot_2026_09_07.json
14,map,toronto,Toronto,subway-builder-modded-admin,Subway Builder Modded,https://subwaybuildermodded.com,41,41,3334,3334,3293,3293,snapshot_2026_09_10.json,snapshot_2026_09_07.json
15,mod,intercity-hsr-trains,"Intercity, HSR & Express Metro Trains",danielloong714,danielloong714,https://github.com/danielloong714,40,40,264,264,224,224,snapshot_2026_09_10.json,snapshot_2026_09_07.json
16,mod,subway-builder-performance,Subway Builder Performance,rexmhall09,rexmhall09,https://github.com/rexmhall09,39,39,1223,1223,1184,1184,snapshot_2026_09_10.json,snapshot_2026_09_07.json
17,mod,network-status,Network Status,Valdotorium,Valdotorium,https://github.com/Valdotorium,36,36,2919,2919,2883,2883,snapshot_2026_09_10.json,snapshot_2026_09_07.json
18,mod,auto-lines,Auto Lines,roquerodrigo,roquerodrigo,https://github.com/roquerodrigo,36,36,1413,1413,1377,1377,snapshot_2026_09_10.json,snapshot_2026_09_07.json
19,map,yukina-ua-zaporizhzhia,Запоріжжя / Zaporizhzhia,ahkimn,Yukina-,https://subwaybuildermodded.com/credits,36,36,108,108,72,72,snapshot_2026_09_10.json,snapshot_2026_09_07.json
20,mod,neighborhood-station-names,Neighborhood Station Names,pendulating,pendulating,https://github.com/pendulating,35,35,2201,2201,2166,2166,snapshot_2026_09_10.json,snapshot_2026_09_07.json
21,map,rhein-main-neckar,Frankfurt (Rhein-Main-Neckar),pierreggt,pierreggt,https://github.com/pierreggt,34,34,190,190,156,156,snapshot_2026_09_10.json,snapshot_2026_09_07.json
22,map,yukina-ua-kryvyi-rih,Кривий Ріг / Kryvyi Rih,ahkimn,Yukina-,https://subwaybuildermodded.com/credits,34,34,112,112,78,78,snapshot_2026_09_10.json,snapshot_2026_09_07.json
23,mod,valdotoriums-trains,Valdotoriums S-Bahn and Trams,Valdotorium,Valdotorium,https://github.com/Valdotorium,33,33,3813,3813,3780,3780,snapshot_2026_09_10.json,snapshot_2026_09_07.json
24,mod,station-dots,Station Dots,nzh0172,naz,https://github.com/nzh0172,33,33,3234,3234,3201,3201,snapshot_2026_09_10.json,snapshot_2026_09_07.json
25,mod,track-anarchy,Track Anarchy,seanyushoumori,seanyushoumori,https://github.com/seanyushoumori,30,30,1871,1871,1841,1841,snapshot_2026_09_10.json,snapshot_2026_09_07.json
26,map,montreal,Montreal,subway-builder-modded-admin,Subway Builder Modded,https://subwaybuildermodded.com,29,29,2315,2315,2286,2286,snapshot_2026_09_10.json,snapshot_2026_09_07.json
27,mod,game-speedup,Game SpeedUp,Valdotorium,Valdotorium,https://github.com/Valdotorium,28,28,2549,2549,2521,2521,snapshot_2026_09_10.json,snapshot_2026_09_07.json
28,map,yukina-cz-praha,Praha,ahkimn,Yukina-,https://subwaybuildermodded.com/credits,28,28,2519,2519,2491,2491,snapshot_2026_09_10.json,snapshot_2026_09_07.json
29,map,catt-gran-santiago,Gran Santiago,holapapie-png,holapapie-png,https://github.com/holapapie-png,27,27,27,27,0,0,snapshot_2026_09_10.json,snapshot_2026_09_07.json
30,mod,track-visualizer,track height visualizer,seanyushoumori,seanyushoumori,https://github.com/seanyushoumori,25,25,2565,2565,2540,2540,snapshot_2026_09_10.json,snapshot_2026_09_07.json
31,mod,orbital-surveyor,Orbital Surveyor,BarKuperman,BarKuperman,https://github.com/BarKuperman,25,25,2330,2330,2305,2305,snapshot_2026_09_10.json,snapshot_2026_09_07.json
32,map,yukina-tw-taipei,臺北 (Taipei),ahkimn,Yukina-,https://subwaybuildermodded.com/credits,25,25,2159,2159,2134,2134,snapshot_2026_09_10.json,snapshot_2026_09_07.json
33,map,berlin-val,Berlin,Valdotorium,Valdotorium,https://github.com/Valdotorium,23,23,2518,2518,2495,2495,snapshot_2026_09_10.json,snapshot_2026_09_07.json
34,mod,simple-trains,Simple Trains,Bobby-047,Bobby-047,https://github.com/Bobby-047,21,21,3716,3716,3695,3695,snapshot_2026_09_10.json,snapshot_2026_09_07.json
35,mod,any-money,anyMoney,nzh0172,naz,https://github.com/nzh0172,21,21,2467,2467,2446,2446,snapshot_2026_09_10.json,snapshot_2026_09_07.json
36,map,barcelona,Barcelona,Maximilian284,max02,https://github.com/Maximilian284,21,21,1835,1835,1814,1814,snapshot_2026_09_10.json,snapshot_2026_09_07.json
37,mod,scrollable-dropdowns,Scrollable Dropdowns,seanyushoumori,seanyushoumori,https://github.com/seanyushoumori,21,21,1726,1726,1705,1705,snapshot_2026_09_10.json,snapshot_2026_09_07.json
38,map,vienna,Vienna,Rmerr1,Rmerr1,https://github.com/Rmerr1,21,21,506,506,485,485,snapshot_2026_09_10.json,snapshot_2026_09_07.json
39,mod,missed-connections,Missed Connections,rslurry,slurry,https://github.com/rslurry,20,20,1895,1895,1875,1875,snapshot_2026_09_10.json,snapshot_2026_09_07.json
40,map,bonn-koeln,Bonn-Köln,pierreggt,pierreggt,https://github.com/pierreggt,20,20,132,132,112,112,snapshot_2026_09_10.json,snapshot_2026_09_07.json
41,map,yukina-pl-warszawa,Warszawa,ahkimn,Yukina-,https://subwaybuildermodded.com/credits,19,19,1648,1648,1629,1629,snapshot_2026_09_10.json,snapshot_2026_09_07.json
42,map,hamburg,Hamburg,pierreggt,pierreggt,https://github.com/pierreggt,19,19,162,162,143,143,snapshot_2026_09_10.json,snapshot_2026_09_07.json
43,map,baghdad,Baghdad,pierreggt,pierreggt,https://github.com/pierreggt,19,19,116,116,97,97,snapshot_2026_09_10.json,snapshot_2026_09_07.json
44,map,catt-chile-central,Chile Central,holapapie-png,holapapie-png,https://github.com/holapapie-png,19,19,19,19,0,0,snapshot_2026_09_10.json,snapshot_2026_09_07.json
45,map,mfn-hong-kong,Hong Kong,crumpetime,muffintime,https://github.com/crumpetime,18,18,3052,3052,3034,3034,snapshot_2026_09_10.json,snapshot_2026_09_07.json
46,map,paris-ile-de-france,Paris - Ile de France,pierreggt,pierreggt,https://github.com/pierreggt,18,18,1529,1529,1511,1511,snapshot_2026_09_10.json,snapshot_2026_09_07.json
47,map,ruhrgebiet,Ruhrgebiet,pierreggt,pierreggt,https://github.com/pierreggt,18,18,139,139,121,121,snapshot_2026_09_10.json,snapshot_2026_09_07.json
48,map,greater-los-angeles,Greater Los Angeles,rslurry,slurry,https://github.com/rslurry,16,16,3793,3793,3777,3777,snapshot_2026_09_10.json,snapshot_2026_09_07.json
49,mod,citymapper,Citymapper,Gio1112,giorgiodabest,https://giorgio.is-a.dev/,16,16,2796,2796,2780,2780,snapshot_2026_09_10.json,snapshot_2026_09_07.json
50,map,madrid,Madrid,Maximilian284,max02,https://github.com/Maximilian284,16,16,1639,1639,1623,1623,snapshot_2026_09_10.json,snapshot_2026_09_07.json
51,map,muenchen,München,pierreggt,pierreggt,https://github.com/pierreggt,16,16,159,159,143,143,snapshot_2026_09_10.json,snapshot_2026_09_07.json
52,mod,tod,Transit-Oriented Development[beta],hsullivan1201,hsullivan1201,https://github.com/hsullivan1201,15,15,2612,2612,2597,2597,snapshot_2026_09_10.json,snapshot_2026_09_07.json
53,map,singapore-val,Singapore,Valdotorium,Valdotorium,https://github.com/Valdotorium,15,15,1808,1808,1793,1793,snapshot_2026_09_10.json,snapshot_2026_09_07.json
54,map,shanghai,Shanghai,Kronifer,Kronifer,https://github.com/Kronifer,15,15,1762,1762,1747,1747,snapshot_2026_09_10.json,snapshot_2026_09_07.json
55,map,au-syd2,Sydney,subway-builder-modded-admin,Subway Builder Modded,https://subwaybuildermodded.com,15,15,447,447,432,432,snapshot_2026_09_10.json,snapshot_2026_09_07.json
56,map,sydney,Sydney,WillBarouch,WillBarouch,https://github.com/WillBarouch,14,14,1363,1363,1349,1349,snapshot_2026_09_10.json,snapshot_2026_09_07.json
57,map,yukina-keihanshin,京阪神 (Keihanshin),ahkimn,Yukina-,https://subwaybuildermodded.com/credits,14,14,1235,1235,1221,1221,snapshot_2026_09_10.json,snapshot_2026_09_07.json
58,mod,map-markers,Map Markers,roquerodrigo,roquerodrigo,https://github.com/roquerodrigo,14,14,1169,1169,1155,1155,snapshot_2026_09_10.json,snapshot_2026_09_07.json
59,mod,train-anarchy,Train Anarchy,seanyushoumori,seanyushoumori,https://github.com/seanyushoumori,14,14,392,392,378,378,snapshot_2026_09_10.json,snapshot_2026_09_07.json
60,map,yukina-osaka,大阪 (Ōsaka),ahkimn,Yukina-,https://subwaybuildermodded.com/credits,13,13,2866,2866,2853,2853,snapshot_2026_09_10.json,snapshot_2026_09_07.json
61,map,vancouver,Vancouver,subway-builder-modded-admin,Subway Builder Modded,https://subwaybuildermodded.com,13,13,1942,1942,1929,1929,snapshot_2026_09_10.json,snapshot_2026_09_07.json
62,map,yukina-ee-tallinn,Tallinn,ahkimn,Yukina-,https://subwaybuildermodded.com/credits,13,13,786,786,773,773,snapshot_2026_09_10.json,snapshot_2026_09_07.json
63,map,amsterdam,Amsterdam,ryandicicco,ryandicicco,https://github.com/ryandicicco,12,12,1733,1733,1721,1721,snapshot_2026_09_10.json,snapshot_2026_09_07.json
64,map,yukina-kyoto,京都 (Kyōto),ahkimn,Yukina-,https://subwaybuildermodded.com/credits,12,12,1692,1692,1680,1680,snapshot_2026_09_10.json,snapshot_2026_09_07.json
65,mod,lrt-trains,LRT Trains,kaicardenas0618,kaicardenas0618,https://github.com/kaicardenas0618,12,12,1134,1134,1122,1122,snapshot_2026_09_10.json,snapshot_2026_09_07.json
66,map,milan,Milan,Maximilian284,max02,https://github.com/Maximilian284,12,12,1071,1071,1059,1059,snapshot_2026_09_10.json,snapshot_2026_09_07.json
67,map,yukina-pl-krakow,Kraków,ahkimn,Yukina-,https://subwaybuildermodded.com/credits,12,12,1041,1041,1029,1029,snapshot_2026_09_10.json,snapshot_2026_09_07.json
68,map,ottawa,Ottawa,subway-builder-modded-admin,Subway Builder Modded,https://subwaybuildermodded.com,12,12,882,882,870,870,snapshot_2026_09_10.json,snapshot_2026_09_07.json
69,map,mfn-lasvegas,Las Vegas,crumpetime,muffintime,https://github.com/crumpetime,12,12,727,727,715,715,snapshot_2026_09_10.json,snapshot_2026_09_07.json
70,map,warsaw-val,Warsaw,Valdotorium,Valdotorium,https://github.com/Valdotorium,12,12,687,687,675,675,snapshot_2026_09_10.json,snapshot_2026_09_07.json
71,mod,demand-clusters,Demand Clusters,m4d5hr1mp,m4d5hr1mp,https://github.com/m4d5hr1mp,12,12,305,305,293,293,snapshot_2026_09_10.json,snapshot_2026_09_07.json
72,mod,noah-great-society,Great Society Metro Train,NoahGarrf,NoahGarrf,https://github.com/NoahGarrf,12,12,83,83,71,71,snapshot_2026_09_10.json,snapshot_2026_09_07.json
73,map,rome,Rome,Maximilian284,max02,https://github.com/Maximilian284,11,11,1092,1092,1081,1081,snapshot_2026_09_10.json,snapshot_2026_09_07.json
74,mod,satellite-overlay,Satellite Overlay,TransitCore,TransitCore,https://github.com/TransitCore,11,11,903,903,892,892,snapshot_2026_09_10.json,snapshot_2026_09_07.json
75,map,au-melbourne,Melbourne,subway-builder-modded-admin,Subway Builder Modded,https://subwaybuildermodded.com,11,11,500,500,489,489,snapshot_2026_09_10.json,snapshot_2026_09_07.json
76,map,charleston-huntington-wv,Charleston-Huntington,PSWBSF,Potato Spaghetti Water Balloon Space Federation,https://youtu.be/dQw4w9WgXcQ?t=0,11,11,293,293,282,282,snapshot_2026_09_10.json,snapshot_2026_09_07.json
77,map,yukina-tw-southern-taiwan,南臺灣 (Southern Taiwan),ahkimn,Yukina-,https://subwaybuildermodded.com/credits,11,11,136,136,125,125,snapshot_2026_09_10.json,snapshot_2026_09_07.json
78,map,seoul-4,Seoul,kimth9,kimth9,https://github.com/kimth9,10,10,2577,2577,2567,2567,snapshot_2026_09_10.json,snapshot_2026_09_07.json
79,mod,mode-manager,Mode Manager,Mpfk,Mpfk,https://github.com/Mpfk,10,10,1892,1892,1882,1882,snapshot_2026_09_10.json,snapshot_2026_09_07.json
80,map,beijing,Beijing,Kronifer,Kronifer,https://github.com/Kronifer,10,10,1074,1074,1064,1064,snapshot_2026_09_10.json,snapshot_2026_09_07.json
81,map,yukina-lv-riga,Rīga,ahkimn,Yukina-,https://subwaybuildermodded.com/credits,10,10,857,857,847,847,snapshot_2026_09_10.json,snapshot_2026_09_07.json
82,map,yukina-cz-brno,Brno,ahkimn,Yukina-,https://subwaybuildermodded.com/credits,10,10,778,778,768,768,snapshot_2026_09_10.json,snapshot_2026_09_07.json
83,map,seoul,Seoul,cromstar,cromstar,https://github.com/cromstar,10,10,373,373,363,363,snapshot_2026_09_10.json,snapshot_2026_09_07.json
84,map,nz-auckland,Auckland,subway-builder-modded-admin,Subway Builder Modded,https://subwaybuildermodded.com,10,10,348,348,338,338,snapshot_2026_09_10.json,snapshot_2026_09_07.json
85,mod,madrid-transit-pack,Madrid Transit Pack,xoaninc,xoaninc,https://github.com/xoaninc,10,10,176,176,166,166,snapshot_2026_09_10.json,snapshot_2026_09_07.json
86,map,helsinki,Helsinki,rslurry,slurry,https://github.com/rslurry,9,9,1335,1335,1326,1326,snapshot_2026_09_10.json,snapshot_2026_09_07.json
87,map,chongqing,Chongqing,Kronifer,Kronifer,https://github.com/Kronifer,9,9,927,927,918,918,snapshot_2026_09_10.json,snapshot_2026_09_07.json
88,map,yukina-okinawa,沖縄 (Okinawa),ahkimn,Yukina-,https://subwaybuildermodded.com/credits,9,9,890,890,881,881,snapshot_2026_09_10.json,snapshot_2026_09_07.json
89,map,rotterdam-the-hague,Rotterdam-The Hague,ryandicicco,ryandicicco,https://github.com/ryandicicco,9,9,854,854,845,845,snapshot_2026_09_10.json,snapshot_2026_09_07.json
90,map,oslo-no,Oslo,rslurry,slurry,https://github.com/rslurry,9,9,833,833,824,824,snapshot_2026_09_10.json,snapshot_2026_09_07.json
91,map,quebec-city,Quebec City,subway-builder-modded-admin,Subway Builder Modded,https://subwaybuildermodded.com,9,9,689,689,680,680,snapshot_2026_09_10.json,snapshot_2026_09_07.json
92,map,yukina-tw-taichung,臺中 (Taichung),ahkimn,Yukina-,https://subwaybuildermodded.com/credits,9,9,615,615,606,606,snapshot_2026_09_10.json,snapshot_2026_09_07.json
93,map,istanbul,Istanbul,pierreggt,pierreggt,https://github.com/pierreggt,9,9,507,507,498,498,snapshot_2026_09_10.json,snapshot_2026_09_07.json
94,map,grand-geneve,Grand Genève,pierreggt,pierreggt,https://github.com/pierreggt,9,9,101,101,92,92,snapshot_2026_09_10.json,snapshot_2026_09_07.json
95,map,zurich,Zurich,Kronifer,Kronifer,https://github.com/Kronifer,8,8,2195,2195,2187,2187,snapshot_2026_09_10.json,snapshot_2026_09_07.json
96,map,ciudad-de-mexico,Ciudad de México,rslurry,slurry,https://github.com/rslurry,8,8,2113,2113,2105,2105,snapshot_2026_09_10.json,snapshot_2026_09_07.json
97,map,guangzhou,Guangzhou,Kronifer,Kronifer,https://github.com/Kronifer,8,8,1385,1385,1377,1377,snapshot_2026_09_10.json,snapshot_2026_09_07.json
98,map,yukina-tokyo,東京 (Tōkyō),ahkimn,Yukina-,https://subwaybuildermodded.com/credits,8,8,798,798,790,790,snapshot_2026_09_10.json,snapshot_2026_09_07.json
99,map,yukina-pl-wroclaw,Wrocław,ahkimn,Yukina-,https://subwaybuildermodded.com/credits,8,8,514,514,506,506,snapshot_2026_09_10.json,snapshot_2026_09_07.json
100,map,yukina-lt-vilnius,Vilnius,ahkimn,Yukina-,https://subwaybuildermodded.com/credits,8,8,501,501,493,493,snapshot_2026_09_10.json,snapshot_2026_09_07.json
101,map,nz-wellington,Wellington,subway-builder-modded-admin,Subway Builder Modded,https://subwaybuildermodded.com,8,8,180,180,172,172,snapshot_2026_09_10.json,snapshot_2026_09_07.json
102,map,yukina-sk-bratislava,Bratislava,ahkimn,Yukina-,https://subwaybuildermodded.com/credits,8,8,167,167,159,159,snapshot_2026_09_10.json,snapshot_2026_09_07.json
103,map,stuttgart,Stuttgart,pierreggt,pierreggt,https://github.com/pierreggt,8,8,68,68,60,60,snapshot_2026_09_10.json,snapshot_2026_09_07.json
104,map,yukina-sapporo-chitose,札幌 (Sapporo),ahkimn,Yukina-,https://subwaybuildermodded.com/credits,7,7,1170,1170,1163,1163,snapshot_2026_09_10.json,snapshot_2026_09_07.json
105,map,yukina-fukuoka,福岡 (Fukuoka),ahkimn,Yukina-,https://subwaybuildermodded.com/credits,7,7,1139,1139,1132,1132,snapshot_2026_09_10.json,snapshot_2026_09_07.json
106,map,yukina-kobe-akashi,神戸・姫路 (Kōbe & Himeji),ahkimn,Yukina-,https://subwaybuildermodded.com/credits,7,7,850,850,843,843,snapshot_2026_09_10.json,snapshot_2026_09_07.json
107,map,yukina-pl-gdansk,Gdańsk,ahkimn,Yukina-,https://subwaybuildermodded.com/credits,7,7,845,845,838,838,snapshot_2026_09_10.json,snapshot_2026_09_07.json
108,map,calgary,Calgary,subway-builder-modded-admin,Subway Builder Modded,https://subwaybuildermodded.com,7,7,785,785,778,778,snapshot_2026_09_10.json,snapshot_2026_09_07.json
109,map,yukina-northern-kyushu,福北 (Fukuoka & Kitakyūshū),ahkimn,Yukina-,https://subwaybuildermodded.com/credits,7,7,758,758,751,751,snapshot_2026_09_10.json,snapshot_2026_09_07.json
110,map,yukina-sendai,仙台 (Sendai),ahkimn,Yukina-,https://subwaybuildermodded.com/credits,7,7,701,701,694,694,snapshot_2026_09_10.json,snapshot_2026_09_07.json
111,map,greater-kuala-lumpur,Greater Kuala Lumpur,nzh0172,naz,https://github.com/nzh0172,7,7,573,573,566,566,snapshot_2026_09_10.json,snapshot_2026_09_07.json
112,map,yukina-shizuoka-hamamatsu,静岡・浜松 (Shizuoka/Hamamatsu),ahkimn,Yukina-,https://subwaybuildermodded.com/credits,7,7,387,387,380,380,snapshot_2026_09_10.json,snapshot_2026_09_07.json
113,map,lyon,Lyon - Vallée du Rhône & Alpes,pierreggt,pierreggt,https://github.com/pierreggt,7,7,368,368,361,361,snapshot_2026_09_10.json,snapshot_2026_09_07.json
114,map,yukina-pl-szczecin,Szczecin,ahkimn,Yukina-,https://subwaybuildermodded.com/credits,7,7,283,283,276,276,snapshot_2026_09_10.json,snapshot_2026_09_07.json
115,map,au-brisbane,Brisbane,subway-builder-modded-admin,Subway Builder Modded,https://subwaybuildermodded.com,7,7,278,278,271,271,snapshot_2026_09_10.json,snapshot_2026_09_07.json
116,map,yukina-ua-mykolaiv-kherson,Миколаїв - Херсон / Mykolaiv & Kherson,ahkimn,Yukina-,https://subwaybuildermodded.com/credits,7,7,10,10,3,3,snapshot_2026_09_10.json,snapshot_2026_09_07.json
117,map,yukina-ua-rivne-lutsk,Рівне - Луцьк / Rivne & Lutsk,ahkimn,Yukina-,https://subwaybuildermodded.com/credits,7,7,9,9,2,2,snapshot_2026_09_10.json,snapshot_2026_09_07.json
118,map,yukina-nagoya,名古屋 (Nagoya),ahkimn,Yukina-,https://subwaybuildermodded.com/credits,6,6,1177,1177,1171,1171,snapshot_2026_09_10.json,snapshot_2026_09_07.json
119,map,greater-chicagoland,Greater Chicagoland,NerdieSanders,NerdieSanders,https://github.com/NerdieSanders,6,6,990,990,984,984,snapshot_2026_09_10.json,snapshot_2026_09_07.json
120,map,yukina-hiroshima-kure,広島 (Hiroshima),ahkimn,Yukina-,https://subwaybuildermodded.com/credits,6,6,956,956,950,950,snapshot_2026_09_10.json,snapshot_2026_09_07.json
121,map,yukina-pl-katowice-gzm,Katowice - GZM,ahkimn,Yukina-,https://subwaybuildermodded.com/credits,6,6,600,600,594,594,snapshot_2026_09_10.json,snapshot_2026_09_07.json
122,map,yukina-kitakyushu-shimonoseki,北九州・下関 (Kitakyūshū & Shimonoseki),ahkimn,Yukina-,https://subwaybuildermodded.com/credits,6,6,569,569,563,563,snapshot_2026_09_10.json,snapshot_2026_09_07.json
123,mod,chinese-trains,Chinese Trains,kaicardenas0618,kaicardenas0618,https://github.com/kaicardenas0618,6,6,520,520,514,514,snapshot_2026_09_10.json,snapshot_2026_09_07.json
124,map,winnipeg,Winnipeg,subway-builder-modded-admin,Subway Builder Modded,https://subwaybuildermodded.com,6,6,509,509,503,503,snapshot_2026_09_10.json,snapshot_2026_09_07.json
125,map,cairo,Cairo,ryandicicco,ryandicicco,https://github.com/ryandicicco,6,6,483,483,477,477,snapshot_2026_09_10.json,snapshot_2026_09_07.json
126,map,yukina-nagasaki,長崎 (Nagasaki),ahkimn,Yukina-,https://subwaybuildermodded.com/credits,6,6,471,471,465,465,snapshot_2026_09_10.json,snapshot_2026_09_07.json
127,map,yukina-kagoshima-kirishima,鹿児島 (Kagoshima),ahkimn,Yukina-,https://subwaybuildermodded.com/credits,6,6,413,413,407,407,snapshot_2026_09_10.json,snapshot_2026_09_07.json
128,mod,danield1909-realism-pathfinding,Pathfinding Realism Mod,DanielD1909,DanielD1909,https://github.com/DanielD1909,6,6,286,286,280,280,snapshot_2026_09_10.json,snapshot_2026_09_07.json
129,mod,resizable-ui,Resizable UI,Tesarzh,Tesarzh,https://github.com/Tesarzh,6,6,251,251,245,245,snapshot_2026_09_10.json,snapshot_2026_09_07.json
130,map,au-perth,Perth,subway-builder-modded-admin,Subway Builder Modded,https://subwaybuildermodded.com,6,6,212,212,206,206,snapshot_2026_09_10.json,snapshot_2026_09_07.json
131,map,au-adelaide,Adelaide,subway-builder-modded-admin,Subway Builder Modded,https://subwaybuildermodded.com,6,6,201,201,195,195,snapshot_2026_09_10.json,snapshot_2026_09_07.json
132,map,trondheim-no,Trondheim,rslurry,slurry,https://github.com/rslurry,6,6,192,192,186,186,snapshot_2026_09_10.json,snapshot_2026_09_07.json
133,map,nz-christchurch,Christchurch,subway-builder-modded-admin,Subway Builder Modded,https://subwaybuildermodded.com,6,6,133,133,127,127,snapshot_2026_09_10.json,snapshot_2026_09_07.json
134,map,dresden,Dresden,pierreggt,pierreggt,https://github.com/pierreggt,6,6,62,62,56,56,snapshot_2026_09_10.json,snapshot_2026_09_07.json
135,mod,la-metro-trainpack,LA Metro Trainpack,NoahGarrf,NoahGarrf,https://github.com/NoahGarrf,6,6,29,29,23,23,snapshot_2026_09_10.json,snapshot_2026_09_07.json
136,map,yukina-ua-chernihiv,Чернігів / Chernihiv,ahkimn,Yukina-,https://subwaybuildermodded.com/credits,6,6,7,7,1,1,snapshot_2026_09_10.json,snapshot_2026_09_07.json
137,map,yukina-ua-chernivtsi,Чернівці / Chernivtsi,ahkimn,Yukina-,https://subwaybuildermodded.com/credits,6,6,7,7,1,1,snapshot_2026_09_10.json,snapshot_2026_09_07.json
138,map,yukina-ua-kremenchuk,Кременчук / Kremenchuk,ahkimn,Yukina-,https://subwaybuildermodded.com/credits,6,6,7,7,1,1,snapshot_2026_09_10.json,snapshot_2026_09_07.json
139,map,yukina-ua-vinnytsia,Вінниця / Vinnytsia,ahkimn,Yukina-,https://subwaybuildermodded.com/credits,6,6,7,7,1,1,snapshot_2026_09_10.json,snapshot_2026_09_07.json
140,map,jelegend-tokyo,東京 (Tokyo),jelegend,jelegend,https://github.com/jelegend,5,5,3769,3769,3764,3764,snapshot_2026_09_10.json,snapshot_2026_09_07.json
141,map,shenzhen,Shenzhen,Kronifer,Kronifer,https://github.com/Kronifer,5,5,1223,1223,1218,1218,snapshot_2026_09_10.json,snapshot_2026_09_07.json
142,map,tampa-bay,Tampa Bay,rslurry,slurry,https://github.com/rslurry,5,5,1033,1033,1028,1028,snapshot_2026_09_10.json,snapshot_2026_09_07.json
143,map,opo-pt-metropolitan,"Porto, Portugal",bquelhas,bquelhas,https://github.com/bquelhas,5,5,880,880,875,875,snapshot_2026_09_10.json,snapshot_2026_09_07.json
144,map,tel-aviv,Tel Aviv,BarKuperman,BarKuperman,https://github.com/BarKuperman,5,5,759,759,754,754,snapshot_2026_09_10.json,snapshot_2026_09_07.json
145,map,edmonton,Edmonton,subway-builder-modded-admin,Subway Builder Modded,https://subwaybuildermodded.com,5,5,640,640,635,635,snapshot_2026_09_10.json,snapshot_2026_09_07.json
146,mod,cinematic-camera,Cinematic Camera,TransitCore,TransitCore,https://github.com/TransitCore,5,5,624,624,619,619,snapshot_2026_09_10.json,snapshot_2026_09_07.json
147,map,orlando,Orlando,rslurry,slurry,https://github.com/rslurry,5,5,545,545,540,540,snapshot_2026_09_10.json,snapshot_2026_09_07.json
148,map,valencia,Valencia,Maximilian284,max02,https://github.com/Maximilian284,5,5,514,514,509,509,snapshot_2026_09_10.json,snapshot_2026_09_07.json
149,map,yukina-nakadoori,中通り (Nakadōri),ahkimn,Yukina-,https://subwaybuildermodded.com/credits,5,5,311,311,306,306,snapshot_2026_09_10.json,snapshot_2026_09_07.json
150,map,yukina-lt-kaunas,Kaunas,ahkimn,Yukina-,https://subwaybuildermodded.com/credits,5,5,284,284,279,279,snapshot_2026_09_10.json,snapshot_2026_09_07.json
151,map,mfn-msy,New Orleans,crumpetime,muffintime,https://github.com/crumpetime,5,5,263,263,258,258,snapshot_2026_09_10.json,snapshot_2026_09_07.json
152,map,yukina-tw-chiayi,嘉義 (Chiayi),ahkimn,Yukina-,https://subwaybuildermodded.com/credits,5,5,245,245,240,240,snapshot_2026_09_10.json,snapshot_2026_09_07.json
153,map,jeju-3,Jeju (30km×30km),kimth9,kimth9,https://github.com/kimth9,5,5,197,197,192,192,snapshot_2026_09_10.json,snapshot_2026_09_07.json
154,map,brussels,Brussels,lexenygma,lexenygma,https://github.com/lexenygma,5,5,131,131,126,126,snapshot_2026_09_10.json,snapshot_2026_09_07.json
155,map,nuernberg,Nürnberg,pierreggt,pierreggt,https://github.com/pierreggt,5,5,48,48,43,43,snapshot_2026_09_10.json,snapshot_2026_09_07.json
156,map,yukina-ua-uzhhorod-mukachevo,Закарпаття / Transcarpathia,ahkimn,Yukina-,https://subwaybuildermodded.com/credits,5,5,9,9,4,4,snapshot_2026_09_10.json,snapshot_2026_09_07.json
157,map,yukina-ua-sumy,Суми / Sumy,ahkimn,Yukina-,https://subwaybuildermodded.com/credits,5,5,7,7,2,2,snapshot_2026_09_10.json,snapshot_2026_09_07.json
158,map,baltimore-dc-corridor,Baltimore-DC Corridor,rslurry,slurry,https://github.com/rslurry,4,4,1028,1028,1024,1024,snapshot_2026_09_10.json,snapshot_2026_09_07.json
159,map,dubai,Dubai,ryandicicco,ryandicicco,https://github.com/ryandicicco,4,4,576,576,572,572,snapshot_2026_09_10.json,snapshot_2026_09_07.json
160,map,yukina-hakodate,函館 (Hakodate),ahkimn,Yukina-,https://subwaybuildermodded.com/credits,4,4,520,520,516,516,snapshot_2026_09_10.json,snapshot_2026_09_07.json
161,map,bilbao,Bilbao,Maximilian284,max02,https://github.com/Maximilian284,4,4,504,504,500,500,snapshot_2026_09_10.json,snapshot_2026_09_07.json
162,map,south-florida,South Florida,kaicardenas0618,kaicardenas0618,https://github.com/kaicardenas0618,4,4,447,447,443,443,snapshot_2026_09_10.json,snapshot_2026_09_07.json
163,mod,kr-ktp,Korean Transit Pack,kimth9,kimth9,https://github.com/kimth9,4,4,434,434,430,430,snapshot_2026_09_10.json,snapshot_2026_09_07.json
164,map,yukina-pl-lodz,Łódź,ahkimn,Yukina-,https://subwaybuildermodded.com/credits,4,4,418,418,414,414,snapshot_2026_09_10.json,snapshot_2026_09_07.json
165,map,yukina-toyama,富山 (Toyama),ahkimn,Yukina-,https://subwaybuildermodded.com/credits,4,4,402,402,398,398,snapshot_2026_09_10.json,snapshot_2026_09_07.json
166,map,mfn-hamptonroads,Norfolk,crumpetime,muffintime,https://github.com/crumpetime,4,4,320,320,316,316,snapshot_2026_09_10.json,snapshot_2026_09_07.json
167,map,yukina-tsugaru,津軽 (Tsugaru),ahkimn,Yukina-,https://subwaybuildermodded.com/credits,4,4,313,313,309,309,snapshot_2026_09_10.json,snapshot_2026_09_07.json
168,map,yukina-okayama,岡山 (Okayama),ahkimn,Yukina-,https://subwaybuildermodded.com/credits,4,4,307,307,303,303,snapshot_2026_09_10.json,snapshot_2026_09_07.json
169,map,yukina-kumamoto,熊本 (Kumamoto),ahkimn,Yukina-,https://subwaybuildermodded.com/credits,4,4,294,294,290,290,snapshot_2026_09_10.json,snapshot_2026_09_07.json
170,map,genoa,Genoa,Maximilian284,max02,https://github.com/Maximilian284,4,4,266,266,262,262,snapshot_2026_09_10.json,snapshot_2026_09_07.json
171,map,incheon-3,Incheon (30km×30km),kimth9,kimth9,https://github.com/kimth9,4,4,237,237,233,233,snapshot_2026_09_10.json,snapshot_2026_09_07.json
172,map,bologna,Bologna,Maximilian284,max02,https://github.com/Maximilian284,4,4,218,218,214,214,snapshot_2026_09_10.json,snapshot_2026_09_07.json
173,mod,penguin-approved-rolling-stock,Penguin-Approved Rolling Stock,prodigious-penguin,prodigious-penguin,https://github.com/prodigious-penguin,4,4,215,215,211,211,snapshot_2026_09_10.json,snapshot_2026_09_07.json
174,map,sofia-bulgaria,Sofia,giannons46,giannons46,https://github.com/giannons46,4,4,173,173,169,169,snapshot_2026_09_10.json,snapshot_2026_09_07.json
175,map,yukina-ee-tartu,Tartu,ahkimn,Yukina-,https://subwaybuildermodded.com/credits,4,4,162,162,158,158,snapshot_2026_09_10.json,snapshot_2026_09_07.json
176,map,sevilla,Sevilla,Maximilian284,max02,https://github.com/Maximilian284,4,4,143,143,139,139,snapshot_2026_09_10.json,snapshot_2026_09_07.json
177,map,yukina-kanazawa,金沢 (Kanazawa),ahkimn,Yukina-,https://subwaybuildermodded.com/credits,4,4,93,93,89,89,snapshot_2026_09_10.json,snapshot_2026_09_07.json
178,map,eurodistrict-bale,Eurodistrict of Basel,pierreggt,pierreggt,https://github.com/pierreggt,4,4,83,83,79,79,snapshot_2026_09_10.json,snapshot_2026_09_07.json
179,map,xiamen,Xiamen,Kronifer,Kronifer,https://github.com/Kronifer,4,4,74,74,70,70,snapshot_2026_09_10.json,snapshot_2026_09_07.json
180,map,alexandria,Alexandria,pierreggt,pierreggt,https://github.com/pierreggt,4,4,50,50,46,46,snapshot_2026_09_10.json,snapshot_2026_09_07.json
181,map,jeddah-mecca,Jeddah & Mecca,pierreggt,pierreggt,https://github.com/pierreggt,4,4,48,48,44,44,snapshot_2026_09_10.json,snapshot_2026_09_07.json
182,map,doha,Doha,pierreggt,pierreggt,https://github.com/pierreggt,4,4,44,44,40,40,snapshot_2026_09_10.json,snapshot_2026_09_07.json
183,map,kiel,Kiel,pierreggt,pierreggt,https://github.com/pierreggt,4,4,42,42,38,38,snapshot_2026_09_10.json,snapshot_2026_09_07.json
184,map,yukina-ua-zhytomyr,Житомир / Zhytomyr,ahkimn,Yukina-,https://subwaybuildermodded.com/credits,4,4,6,6,2,2,snapshot_2026_09_10.json,snapshot_2026_09_07.json
185,map,yukina-ua-cherkasy,Черкаси / Cherkasy,ahkimn,Yukina-,https://subwaybuildermodded.com/credits,4,4,5,5,1,1,snapshot_2026_09_10.json,snapshot_2026_09_07.json
186,map,yukina-ua-ivano-frankivsk,Івано-Франківськ / Ivano-Frankivsk,ahkimn,Yukina-,https://subwaybuildermodded.com/credits,4,4,5,5,1,1,snapshot_2026_09_10.json,snapshot_2026_09_07.json
187,map,yukina-ua-kropyvnytskyi,Кропивницький / Kropyvnytskyi,ahkimn,Yukina-,https://subwaybuildermodded.com/credits,4,4,5,5,1,1,snapshot_2026_09_10.json,snapshot_2026_09_07.json
188,map,yukina-ua-poltava,Полтава / Poltava,ahkimn,Yukina-,https://subwaybuildermodded.com/credits,4,4,5,5,1,1,snapshot_2026_09_10.json,snapshot_2026_09_07.json
189,map,yukina-ua-ternopil,Тернопіль / Ternopil,ahkimn,Yukina-,https://subwaybuildermodded.com/credits,4,4,5,5,1,1,snapshot_2026_09_10.json,snapshot_2026_09_07.json
190,map,los-angeles-county,Los Angeles County,rslurry,slurry,https://github.com/rslurry,3,3,1437,1437,1434,1434,snapshot_2026_09_10.json,snapshot_2026_09_07.json
191,map,incheon-4,Incheon,kimth9,kimth9,https://github.com/kimth9,3,3,784,784,781,781,snapshot_2026_09_10.json,snapshot_2026_09_07.json
192,map,yukina-niigata,新潟 (Niigata),ahkimn,Yukina-,https://subwaybuildermodded.com/credits,3,3,499,499,496,496,snapshot_2026_09_10.json,snapshot_2026_09_07.json
193,map,yukina-cz-ostrava,Ostrava,ahkimn,Yukina-,https://subwaybuildermodded.com/credits,3,3,471,471,468,468,snapshot_2026_09_10.json,snapshot_2026_09_07.json
194,map,naples,Naples,Maximilian284,max02,https://github.com/Maximilian284,3,3,449,449,446,446,snapshot_2026_09_10.json,snapshot_2026_09_07.json
195,map,yukina-matsuyama,松山 (Matsuyama),ahkimn,Yukina-,https://subwaybuildermodded.com/credits,3,3,435,435,432,432,snapshot_2026_09_10.json,snapshot_2026_09_07.json
196,map,yukina-kochi,高知 (Kōchi),ahkimn,Yukina-,https://subwaybuildermodded.com/credits,3,3,406,406,403,403,snapshot_2026_09_10.json,snapshot_2026_09_07.json
197,map,cape-town,Cape Town,worstboyinaustral1a,worstboyinaustral1a,https://github.com/worstboyinaustral1a,3,3,371,371,368,368,snapshot_2026_09_10.json,snapshot_2026_09_07.json
198,map,yukina-asahikawa,旭川 (Asahikawa),ahkimn,Yukina-,https://subwaybuildermodded.com/credits,3,3,325,325,322,322,snapshot_2026_09_10.json,snapshot_2026_09_07.json
199,map,yukina-nakaumi,中海 (Nakaumi),ahkimn,Yukina-,https://subwaybuildermodded.com/credits,3,3,309,309,306,306,snapshot_2026_09_10.json,snapshot_2026_09_07.json
200,map,yukina-takamatsu,高松 (Takamatsu),ahkimn,Yukina-,https://subwaybuildermodded.com/credits,3,3,298,298,295,295,snapshot_2026_09_10.json,snapshot_2026_09_07.json
201,map,richmond,Richmond,rslurry,slurry,https://github.com/rslurry,3,3,297,297,294,294,snapshot_2026_09_10.json,snapshot_2026_09_07.json
202,map,bergen-stavanger-no,Bergen-Stavanger,rslurry,slurry,https://github.com/rslurry,3,3,284,284,281,281,snapshot_2026_09_10.json,snapshot_2026_09_07.json
203,map,jacksonville,Jacksonville,rslurry,slurry,https://github.com/rslurry,3,3,277,277,274,274,snapshot_2026_09_10.json,snapshot_2026_09_07.json
204,map,memphis,Memphis,rslurry,slurry,https://github.com/rslurry,3,3,255,255,252,252,snapshot_2026_09_10.json,snapshot_2026_09_07.json
205,map,strasbourg,Strasbourg,pierreggt,pierreggt,https://github.com/pierreggt,3,3,241,241,238,238,snapshot_2026_09_10.json,snapshot_2026_09_07.json
206,map,lille,Lille - Flandre & Hainaut,pierreggt,pierreggt,https://github.com/pierreggt,3,3,238,238,235,235,snapshot_2026_09_10.json,snapshot_2026_09_07.json
207,map,yukina-pl-lublin,Lublin,ahkimn,Yukina-,https://subwaybuildermodded.com/credits,3,3,225,225,222,222,snapshot_2026_09_10.json,snapshot_2026_09_07.json
208,map,yukina-ee-parnu,Pärnu,ahkimn,Yukina-,https://subwaybuildermodded.com/credits,3,3,200,200,197,197,snapshot_2026_09_10.json,snapshot_2026_09_07.json
209,map,palermo,Palermo,Maximilian284,max02,https://github.com/Maximilian284,3,3,173,173,170,170,snapshot_2026_09_10.json,snapshot_2026_09_07.json
210,map,amba,Buenos Aires,hernang87,hernang87,https://github.com/hernang87,3,3,145,145,142,142,snapshot_2026_09_10.json,snapshot_2026_09_07.json
211,map,yukina-ee-ida-viru,Ida-Viru,ahkimn,Yukina-,https://subwaybuildermodded.com/credits,3,3,141,141,138,138,snapshot_2026_09_10.json,snapshot_2026_09_07.json
212,map,yukina-fuji-numazu,富士・沼津 (Fuji & Numazu),ahkimn,Yukina-,https://subwaybuildermodded.com/credits,3,3,106,106,103,103,snapshot_2026_09_10.json,snapshot_2026_09_07.json
213,map,yukina-utsunomiya,宇都宮 (Utsunomiya),ahkimn,Yukina-,https://subwaybuildermodded.com/credits,3,3,81,81,78,78,snapshot_2026_09_10.json,snapshot_2026_09_07.json
214,map,yukina-oita,大分 (Ōita),ahkimn,Yukina-,https://subwaybuildermodded.com/credits,3,3,70,70,67,67,snapshot_2026_09_10.json,snapshot_2026_09_07.json
215,map,corse,Corse,pierreggt,pierreggt,https://github.com/pierreggt,3,3,48,48,45,45,snapshot_2026_09_10.json,snapshot_2026_09_07.json
216,map,hannover-braunschweig,Hannover-Braunschweig,pierreggt,pierreggt,https://github.com/pierreggt,3,3,43,43,40,40,snapshot_2026_09_10.json,snapshot_2026_09_07.json
217,map,freiburg,Freiburg im Breisgau,pierreggt,pierreggt,https://github.com/pierreggt,3,3,39,39,36,36,snapshot_2026_09_10.json,snapshot_2026_09_07.json
218,map,moenchengladbach,Mönchengladbach,pierreggt,pierreggt,https://github.com/pierreggt,3,3,27,27,24,24,snapshot_2026_09_10.json,snapshot_2026_09_07.json
219,map,yukina-ua-khmelnytskyi,Хмельницький / Khmelnytskyi,ahkimn,Yukina-,https://subwaybuildermodded.com/credits,3,3,5,5,2,2,snapshot_2026_09_10.json,snapshot_2026_09_07.json
220,map,busan-4,Busan,kimth9,kimth9,https://github.com/kimth9,2,2,1096,1096,1094,1094,snapshot_2026_09_10.json,snapshot_2026_09_07.json
221,map,puerto-rico,Puerto Rico,rslurry,slurry,https://github.com/rslurry,2,2,765,765,763,763,snapshot_2026_09_10.json,snapshot_2026_09_07.json
222,map,yukina-tw-kaohsiung,高雄 (Kaohsiung),ahkimn,Yukina-,https://subwaybuildermodded.com/credits,2,2,641,641,639,639,snapshot_2026_09_10.json,snapshot_2026_09_07.json
223,map,greatertwincities,Greater Twin Cities,DanielD1909,DanielD1909,https://github.com/DanielD1909,2,2,492,492,490,490,snapshot_2026_09_10.json,snapshot_2026_09_07.json
224,map,tijuana-san-diego,Tijuana-San Diego,rslurry,slurry,https://github.com/rslurry,2,2,437,437,435,435,snapshot_2026_09_10.json,snapshot_2026_09_07.json
225,map,yukina-yamagata,山形 (Yamagata),ahkimn,Yukina-,https://subwaybuildermodded.com/credits,2,2,396,396,394,394,snapshot_2026_09_10.json,snapshot_2026_09_07.json
226,map,yukina-pl-poznan,Poznań,ahkimn,Yukina-,https://subwaybuildermodded.com/credits,2,2,393,393,391,391,snapshot_2026_09_10.json,snapshot_2026_09_07.json
227,map,yukina-cz-plzen,Plzeň,ahkimn,Yukina-,https://subwaybuildermodded.com/credits,2,2,364,364,362,362,snapshot_2026_09_10.json,snapshot_2026_09_07.json
228,map,yukina-bydgoszcz-torun,Bydgoszcz - Toruń,ahkimn,Yukina-,https://subwaybuildermodded.com/credits,2,2,346,346,344,344,snapshot_2026_09_10.json,snapshot_2026_09_07.json
229,map,yukina-cz-ustecko-chomutov,Ústí nad Labem - Chomutov,ahkimn,Yukina-,https://subwaybuildermodded.com/credits,2,2,343,343,341,341,snapshot_2026_09_10.json,snapshot_2026_09_07.json
230,map,san-juan,San Juan,rslurry,slurry,https://github.com/rslurry,2,2,317,317,315,315,snapshot_2026_09_10.json,snapshot_2026_09_07.json
231,map,turin,Turin,Maximilian284,max02,https://github.com/Maximilian284,2,2,305,305,303,303,snapshot_2026_09_10.json,snapshot_2026_09_07.json
232,map,florence,Florence,Maximilian284,max02,https://github.com/Maximilian284,2,2,290,290,288,288,snapshot_2026_09_10.json,snapshot_2026_09_07.json
233,map,jerusalem,Jerusalem,BarKuperman,BarKuperman,https://github.com/BarKuperman,2,2,279,279,277,277,snapshot_2026_09_10.json,snapshot_2026_09_07.json
234,map,spokane,Spokane,ryandicicco,ryandicicco,https://github.com/ryandicicco,2,2,258,258,256,256,snapshot_2026_09_10.json,snapshot_2026_09_07.json
235,map,pianura-veneta,Pianura Veneta,Maximilian284,max02,https://github.com/Maximilian284,2,2,249,249,247,247,snapshot_2026_09_10.json,snapshot_2026_09_07.json
236,map,yukina-morioka,盛岡 (Morioka),ahkimn,Yukina-,https://subwaybuildermodded.com/credits,2,2,239,239,237,237,snapshot_2026_09_10.json,snapshot_2026_09_07.json
237,map,yukina-cz-liberec-jablonec,Liberec - Jablonec nad Nisou,ahkimn,Yukina-,https://subwaybuildermodded.com/credits,2,2,237,237,235,235,snapshot_2026_09_10.json,snapshot_2026_09_07.json
238,map,orange-county,Orange County,rslurry,slurry,https://github.com/rslurry,2,2,224,224,222,222,snapshot_2026_09_10.json,snapshot_2026_09_07.json
239,map,yukina-tottori,鳥取 (Tottori),ahkimn,Yukina-,https://subwaybuildermodded.com/credits,2,2,223,223,221,221,snapshot_2026_09_10.json,snapshot_2026_09_07.json
240,map,tromso-no,Tromsø,rslurry,slurry,https://github.com/rslurry,2,2,221,221,219,219,snapshot_2026_09_10.json,snapshot_2026_09_07.json
241,mod,copy-paste,Copy Paste,seanyushoumori,seanyushoumori,https://github.com/seanyushoumori,2,2,202,202,200,200,snapshot_2026_09_10.json,snapshot_2026_09_07.json
242,map,toulouse,Toulouse,pierreggt,pierreggt,https://github.com/pierreggt,2,2,193,193,191,191,snapshot_2026_09_10.json,snapshot_2026_09_07.json
243,map,bari,Bari,Maximilian284,max02,https://github.com/Maximilian284,2,2,190,190,188,188,snapshot_2026_09_10.json,snapshot_2026_09_07.json
244,map,jeju-f,Jeju,kimth9,kimth9,https://github.com/kimth9,2,2,171,171,169,169,snapshot_2026_09_10.json,snapshot_2026_09_07.json
245,map,au-canberra,Canberra,subway-builder-modded-admin,Subway Builder Modded,https://subwaybuildermodded.com,2,2,161,161,159,159,snapshot_2026_09_10.json,snapshot_2026_09_07.json
246,map,willamette-valley,"Willamette Valley, OR",Phineapoo,Phineapoo,https://github.com/Phineapoo,2,2,157,157,155,155,snapshot_2026_09_10.json,snapshot_2026_09_07.json
247,map,palma-de-mallorca,Palma de Mallorca,Maximilian284,max02,https://github.com/Maximilian284,2,2,147,147,145,145,snapshot_2026_09_10.json,snapshot_2026_09_07.json
248,map,ankara,Ankara,pierreggt,pierreggt,https://github.com/pierreggt,2,2,140,140,138,138,snapshot_2026_09_10.json,snapshot_2026_09_07.json
249,map,knoxville,Knoxville,rslurry,slurry,https://github.com/rslurry,2,2,138,138,136,136,snapshot_2026_09_10.json,snapshot_2026_09_07.json
250,map,pulau-pinang,Pulau Pinang,nzh0172,naz,https://github.com/nzh0172,2,2,117,117,115,115,snapshot_2026_09_10.json,snapshot_2026_09_07.json
251,map,yukina-pl-radom,Radom,ahkimn,Yukina-,https://subwaybuildermodded.com/credits,2,2,111,111,109,109,snapshot_2026_09_10.json,snapshot_2026_09_07.json
252,map,alicante,Alicante,Maximilian284,max02,https://github.com/Maximilian284,2,2,93,93,91,91,snapshot_2026_09_10.json,snapshot_2026_09_07.json
253,map,toledo-oh,Toledo,bean1322,bean1322,https://github.com/bean1322,2,2,92,92,90,90,snapshot_2026_09_10.json,snapshot_2026_09_07.json
254,map,akron-oh,"Akron, OH",bean1322,bean1322,https://github.com/bean1322,2,2,91,91,89,89,snapshot_2026_09_10.json,snapshot_2026_09_07.json
255,map,antalya,Antalya,pierreggt,pierreggt,https://github.com/pierreggt,2,2,91,91,89,89,snapshot_2026_09_10.json,snapshot_2026_09_07.json
256,map,damascus,Damascus,pierreggt,pierreggt,https://github.com/pierreggt,2,2,89,89,87,87,snapshot_2026_09_10.json,snapshot_2026_09_07.json
257,map,yukina-maebashi,前橋 (Maebashi),ahkimn,Yukina-,https://subwaybuildermodded.com/credits,2,2,87,87,85,85,snapshot_2026_09_10.json,snapshot_2026_09_07.json
258,map,daejeon-3,Daejeon (30km×30km),kimth9,kimth9,https://github.com/kimth9,2,2,86,86,84,84,snapshot_2026_09_10.json,snapshot_2026_09_07.json
259,map,johor-bahru,Johor Bahru,nzh0172,naz,https://github.com/nzh0172,2,2,84,84,82,82,snapshot_2026_09_10.json,snapshot_2026_09_07.json
260,map,tehran,Tehran,pierreggt,pierreggt,https://github.com/pierreggt,2,2,71,71,69,69,snapshot_2026_09_10.json,snapshot_2026_09_07.json
261,map,yukina-mito-hitachi,水戸・日立 (Mito & Hitachi),ahkimn,Yukina-,https://subwaybuildermodded.com/credits,2,2,70,70,68,68,snapshot_2026_09_10.json,snapshot_2026_09_07.json
262,map,yukina-wakayama,和歌山 (Wakayama),ahkimn,Yukina-,https://subwaybuildermodded.com/credits,2,2,70,70,68,68,snapshot_2026_09_10.json,snapshot_2026_09_07.json
263,map,yukina-kofu,甲府 (Kōfu),ahkimn,Yukina-,https://subwaybuildermodded.com/credits,2,2,69,69,67,67,snapshot_2026_09_10.json,snapshot_2026_09_07.json
264,map,yukina-yamaguchi,山口 (Yamaguchi),ahkimn,Yukina-,https://subwaybuildermodded.com/credits,2,2,69,69,67,67,snapshot_2026_09_10.json,snapshot_2026_09_07.json
265,map,beirut,Beirut,pierreggt,pierreggt,https://github.com/pierreggt,2,2,52,52,50,50,snapshot_2026_09_10.json,snapshot_2026_09_07.json
266,map,jeju-4,Jeju (40km×40km),kimth9,kimth9,https://github.com/kimth9,2,2,48,48,46,46,snapshot_2026_09_10.json,snapshot_2026_09_07.json
267,map,reunion,La Réunion,pierreggt,pierreggt,https://github.com/pierreggt,2,2,46,46,44,44,snapshot_2026_09_10.json,snapshot_2026_09_07.json
268,map,yukina-sk-kosice-presov,Košice - Prešov,ahkimn,Yukina-,https://subwaybuildermodded.com/credits,2,2,42,42,40,40,snapshot_2026_09_10.json,snapshot_2026_09_07.json
269,map,bielefeld,Bielefeld,pierreggt,pierreggt,https://github.com/pierreggt,2,2,41,41,39,39,snapshot_2026_09_10.json,snapshot_2026_09_07.json
270,map,metz-nancy,Metz - Nancy,pierreggt,pierreggt,https://github.com/pierreggt,2,2,31,31,29,29,snapshot_2026_09_10.json,snapshot_2026_09_07.json
271,map,luebeck,Lübeck,pierreggt,pierreggt,https://github.com/pierreggt,2,2,30,30,28,28,snapshot_2026_09_10.json,snapshot_2026_09_07.json
272,map,yukina-sk-nitra,Nitra,ahkimn,Yukina-,https://subwaybuildermodded.com/credits,2,2,28,28,26,26,snapshot_2026_09_10.json,snapshot_2026_09_07.json
273,map,yukina-sk-poprad-spisska-nova-ves,Poprad - Spišská Nová Ves,ahkimn,Yukina-,https://subwaybuildermodded.com/credits,2,2,27,27,25,25,snapshot_2026_09_10.json,snapshot_2026_09_07.json
274,map,yukina-sk-zilina,Žilina,ahkimn,Yukina-,https://subwaybuildermodded.com/credits,2,2,25,25,23,23,snapshot_2026_09_10.json,snapshot_2026_09_07.json
275,mod,unrusted-detroit,Unrusted: Detroit - A Denser Detroit,NoahGarrf,NoahGarrf,https://github.com/NoahGarrf,2,2,2,2,0,0,snapshot_2026_09_10.json,snapshot_2026_09_07.json
276,map,seoul-3,Seoul (30km×30km),kimth9,kimth9,https://github.com/kimth9,1,1,1298,1298,1297,1297,snapshot_2026_09_10.json,snapshot_2026_09_07.json
277,map,glasgow-edinburgh,Glasgow-Edinburgh,Kronifer,Kronifer,https://github.com/Kronifer,1,1,1037,1037,1036,1036,snapshot_2026_09_10.json,snapshot_2026_09_07.json
278,map,monterrey,Monterrey,rslurry,slurry,https://github.com/rslurry,1,1,814,814,813,813,snapshot_2026_09_10.json,snapshot_2026_09_07.json
279,map,rhode-island,Rhode Island,rslurry,slurry,https://github.com/rslurry,1,1,463,463,462,462,snapshot_2026_09_10.json,snapshot_2026_09_07.json
280,map,yukina-tw-tainan,臺南 (Tainan),ahkimn,Yukina-,https://subwaybuildermodded.com/credits,1,1,384,384,383,383,snapshot_2026_09_10.json,snapshot_2026_09_07.json
281,map,bangkok,Bangkok,nzh0172,naz,https://github.com/nzh0172,1,1,383,383,382,382,snapshot_2026_09_10.json,snapshot_2026_09_07.json
282,map,greater-newyork,Greater NYC,chasemanning040911-afk,lechicken,https://github.com/chasemanning040911-afk,1,1,380,380,379,379,snapshot_2026_09_10.json,snapshot_2026_09_07.json
283,map,san-antonio,San Antonio,rslurry,slurry,https://github.com/rslurry,1,1,324,324,323,323,snapshot_2026_09_10.json,snapshot_2026_09_07.json
284,map,marseille,Marseille - Provence,pierreggt,pierreggt,https://github.com/pierreggt,1,1,315,315,314,314,snapshot_2026_09_10.json,snapshot_2026_09_07.json
285,map,yukina-cz-hradec-pardubice,Hradec Králové - Pardubice,ahkimn,Yukina-,https://subwaybuildermodded.com/credits,1,1,310,310,309,309,snapshot_2026_09_10.json,snapshot_2026_09_07.json
286,map,yukina-tw-hsinchu,新竹 (Hsinchu),ahkimn,Yukina-,https://subwaybuildermodded.com/credits,1,1,309,309,308,308,snapshot_2026_09_10.json,snapshot_2026_09_07.json
287,map,yukina-cz-olomouc,Olomouc,ahkimn,Yukina-,https://subwaybuildermodded.com/credits,1,1,308,308,307,307,snapshot_2026_09_10.json,snapshot_2026_09_07.json
288,map,rochester,Rochester,rslurry,slurry,https://github.com/rslurry,1,1,248,248,247,247,snapshot_2026_09_10.json,snapshot_2026_09_07.json
289,mod,basedgoat-trains,BasedGoat Trains,arniber21,arniber21,https://github.com/arniber21,1,1,245,245,244,244,snapshot_2026_09_10.json,snapshot_2026_09_07.json
290,map,santa-barbara,Santa Barbara,rslurry,slurry,https://github.com/rslurry,1,1,243,243,242,242,snapshot_2026_09_10.json,snapshot_2026_09_07.json
291,map,greater-baltimore,Greater Baltimore,rslurry,slurry,https://github.com/rslurry,1,1,226,226,225,225,snapshot_2026_09_10.json,snapshot_2026_09_07.json
292,map,bordeaux-arcachon-libourne,Bordeaux,pierreggt,pierreggt,https://github.com/pierreggt,1,1,225,225,224,224,snapshot_2026_09_10.json,snapshot_2026_09_07.json
293,map,sejong-4,Sejong,kimth9,kimth9,https://github.com/kimth9,1,1,213,213,212,212,snapshot_2026_09_10.json,snapshot_2026_09_07.json
294,map,daegu-3,Daegu (30km×30km),kimth9,kimth9,https://github.com/kimth9,1,1,203,203,202,202,snapshot_2026_09_10.json,snapshot_2026_09_07.json
295,map,yukina-pl-bialystok,Białystok,ahkimn,Yukina-,https://subwaybuildermodded.com/credits,1,1,200,200,199,199,snapshot_2026_09_10.json,snapshot_2026_09_07.json
296,map,connecticut-usa,Connecticut,PSWBSF,Potato Spaghetti Water Balloon Space Federation,https://youtu.be/dQw4w9WgXcQ?t=0,1,1,191,191,190,190,snapshot_2026_09_10.json,snapshot_2026_09_07.json
297,map,ulsan-4,Ulsan,kimth9,kimth9,https://github.com/kimth9,1,1,191,191,190,190,snapshot_2026_09_10.json,snapshot_2026_09_07.json
298,map,buffalo-ny,Buffalo,PSWBSF,Potato Spaghetti Water Balloon Space Federation,https://youtu.be/dQw4w9WgXcQ?t=0,1,-1,189,187,188,188,snapshot_2026_09_10.json,snapshot_2026_09_07.json
299,map,garda-lake,Garda Lake,Maximilian284,max02,https://github.com/Maximilian284,1,1,184,184,183,183,snapshot_2026_09_10.json,snapshot_2026_09_07.json
300,map,yukina-lt-klaipeda,Klaipėda,ahkimn,Yukina-,https://subwaybuildermodded.com/credits,1,1,179,179,178,178,snapshot_2026_09_10.json,snapshot_2026_09_07.json
301,map,catania,Catania,Maximilian284,max02,https://github.com/Maximilian284,1,1,175,175,174,174,snapshot_2026_09_10.json,snapshot_2026_09_07.json
302,map,rennes,Rennes,pierreggt,pierreggt,https://github.com/pierreggt,1,1,173,173,172,172,snapshot_2026_09_10.json,snapshot_2026_09_07.json
303,map,nantes,Nantes,pierreggt,pierreggt,https://github.com/pierreggt,1,1,168,168,167,167,snapshot_2026_09_10.json,snapshot_2026_09_07.json
304,map,yukina-lv-daugavpils,Daugavpils,ahkimn,Yukina-,https://subwaybuildermodded.com/credits,1,1,162,162,161,161,snapshot_2026_09_10.json,snapshot_2026_09_07.json
305,map,yukina-pl-rzeszow,Rzeszów,ahkimn,Yukina-,https://subwaybuildermodded.com/credits,1,1,162,162,161,161,snapshot_2026_09_10.json,snapshot_2026_09_07.json
306,map,charleston-sc,"Charleston, SC",PSWBSF,Potato Spaghetti Water Balloon Space Federation,https://youtu.be/dQw4w9WgXcQ?t=0,1,1,151,151,150,150,snapshot_2026_09_10.json,snapshot_2026_09_07.json
307,map,yukina-lt-panevezys,Panevėžys,ahkimn,Yukina-,https://subwaybuildermodded.com/credits,1,1,151,151,150,150,snapshot_2026_09_10.json,snapshot_2026_09_07.json
308,map,yukina-lt-siauliai,Šiauliai,ahkimn,Yukina-,https://subwaybuildermodded.com/credits,1,1,150,150,149,149,snapshot_2026_09_10.json,snapshot_2026_09_07.json
309,map,sejong-3,Sejong (30km×30km),kimth9,kimth9,https://github.com/kimth9,1,1,148,148,147,147,snapshot_2026_09_10.json,snapshot_2026_09_07.json
310,map,mississippi,Mississippi,JayToTheAy,JayToTheAy,https://github.com/JayToTheAy,1,1,145,145,144,144,snapshot_2026_09_10.json,snapshot_2026_09_07.json
311,map,mfn-rdu,Raleigh,crumpetime,muffintime,https://github.com/crumpetime,1,1,142,142,141,141,snapshot_2026_09_10.json,snapshot_2026_09_07.json
312,map,yukina-lv-liepaja,Liepāja,ahkimn,Yukina-,https://subwaybuildermodded.com/credits,1,1,131,131,130,130,snapshot_2026_09_10.json,snapshot_2026_09_07.json
313,map,daegu-4,Daegu,kimth9,kimth9,https://github.com/kimth9,1,1,125,125,124,124,snapshot_2026_09_10.json,snapshot_2026_09_07.json
314,map,yukina-pl-olsztyn,Olsztyn,ahkimn,Yukina-,https://subwaybuildermodded.com/credits,1,1,123,123,122,122,snapshot_2026_09_10.json,snapshot_2026_09_07.json
315,map,yukina-pl-zielona-gora,Zielona Góra,ahkimn,Yukina-,https://subwaybuildermodded.com/credits,1,1,113,113,112,112,snapshot_2026_09_10.json,snapshot_2026_09_07.json
316,map,pianura-emiliana,Pianura Emiliana,Maximilian284,max02,https://github.com/Maximilian284,1,1,112,112,111,111,snapshot_2026_09_10.json,snapshot_2026_09_07.json
317,map,yukina-pl-czestochowa,Częstochowa,ahkimn,Yukina-,https://subwaybuildermodded.com/credits,1,1,107,107,106,106,snapshot_2026_09_10.json,snapshot_2026_09_07.json
318,map,syracuse-ny,"Syracuse, NY",PSWBSF,Potato Spaghetti Water Balloon Space Federation,https://youtu.be/dQw4w9WgXcQ?t=0,1,1,104,104,103,103,snapshot_2026_09_10.json,snapshot_2026_09_07.json
319,map,ile-de-france,Paris (IDF),JcPires,JcPires,https://github.com/JcPires,1,1,94,94,93,93,snapshot_2026_09_10.json,snapshot_2026_09_07.json
320,map,yukina-akita,秋田 (Akita),ahkimn,Yukina-,https://subwaybuildermodded.com/credits,1,1,87,87,86,86,snapshot_2026_09_10.json,snapshot_2026_09_07.json
321,map,daejeon-4,Daejeon,kimth9,kimth9,https://github.com/kimth9,1,1,83,83,82,82,snapshot_2026_09_10.json,snapshot_2026_09_07.json
322,map,ulsan-3,Ulsan (30km×30km),kimth9,kimth9,https://github.com/kimth9,1,1,83,83,82,82,snapshot_2026_09_10.json,snapshot_2026_09_07.json
323,map,gwangju-4,Gwangju,kimth9,kimth9,https://github.com/kimth9,1,1,78,78,77,77,snapshot_2026_09_10.json,snapshot_2026_09_07.json
324,map,yukina-nagano,長野 (Nagano),ahkimn,Yukina-,https://subwaybuildermodded.com/credits,1,1,78,78,77,77,snapshot_2026_09_10.json,snapshot_2026_09_07.json
325,map,yukina-fukui,福井 (Fukui),ahkimn,Yukina-,https://subwaybuildermodded.com/credits,1,1,73,73,72,72,snapshot_2026_09_10.json,snapshot_2026_09_07.json
326,map,yukina-matsumoto,松本 (Matsumoto),ahkimn,Yukina-,https://subwaybuildermodded.com/credits,1,1,71,71,70,70,snapshot_2026_09_10.json,snapshot_2026_09_07.json
327,map,yukina-tokushima,徳島 (Tokushima),ahkimn,Yukina-,https://subwaybuildermodded.com/credits,1,1,71,71,70,70,snapshot_2026_09_10.json,snapshot_2026_09_07.json
328,map,yukina-fukuyama,福山 (Fukuyama),ahkimn,Yukina-,https://subwaybuildermodded.com/credits,1,1,70,70,69,69,snapshot_2026_09_10.json,snapshot_2026_09_07.json
329,map,yukina-hachinohe,八戸 (Hachinohe),ahkimn,Yukina-,https://subwaybuildermodded.com/credits,1,1,67,67,66,66,snapshot_2026_09_10.json,snapshot_2026_09_07.json
330,map,yukina-miyazaki,宮崎 (Miyazaki),ahkimn,Yukina-,https://subwaybuildermodded.com/credits,1,1,67,67,66,66,snapshot_2026_09_10.json,snapshot_2026_09_07.json
331,map,yukina-tw-hualien-taitung,花蓮・臺東 (Hualien & Taitung),ahkimn,Yukina-,https://subwaybuildermodded.com/credits,1,1,64,64,63,63,snapshot_2026_09_10.json,snapshot_2026_09_07.json
332,map,abu-dhabi,Abu Dhabi,pierreggt,pierreggt,https://github.com/pierreggt,1,1,60,60,59,59,snapshot_2026_09_10.json,snapshot_2026_09_07.json
333,map,gwangju-3,Gwangju (30km×30km),kimth9,kimth9,https://github.com/kimth9,1,1,60,60,59,59,snapshot_2026_09_10.json,snapshot_2026_09_07.json
334,map,yukina-tw-yilan,宜蘭 (Yilan),ahkimn,Yukina-,https://subwaybuildermodded.com/credits,1,1,59,59,58,58,snapshot_2026_09_10.json,snapshot_2026_09_07.json
335,map,riyadh,Riyadh,pierreggt,pierreggt,https://github.com/pierreggt,1,1,54,54,53,53,snapshot_2026_09_10.json,snapshot_2026_09_07.json
336,map,springfield-il,"Springfield, IL",NerdieSanders,NerdieSanders,https://github.com/NerdieSanders,1,1,50,50,49,49,snapshot_2026_09_10.json,snapshot_2026_09_07.json
337,map,aachen,Aachen,pierreggt,pierreggt,https://github.com/pierreggt,1,1,47,47,46,46,snapshot_2026_09_10.json,snapshot_2026_09_07.json
338,map,pays-basque,Euskal Herria,pierreggt,pierreggt,https://github.com/pierreggt,1,1,44,44,43,43,snapshot_2026_09_10.json,snapshot_2026_09_07.json
339,map,erfurt,Erfurt,pierreggt,pierreggt,https://github.com/pierreggt,1,1,37,37,36,36,snapshot_2026_09_10.json,snapshot_2026_09_07.json
340,map,yukina-sk-banska-bystrica,Banská Bystrica,ahkimn,Yukina-,https://subwaybuildermodded.com/credits,1,1,35,35,34,34,snapshot_2026_09_10.json,snapshot_2026_09_07.json
341,map,magdeburg,Magdeburg,pierreggt,pierreggt,https://github.com/pierreggt,1,1,32,32,31,31,snapshot_2026_09_10.json,snapshot_2026_09_07.json
342,map,aleppo,Aleppo,pierreggt,pierreggt,https://github.com/pierreggt,1,1,26,26,25,25,snapshot_2026_09_10.json,snapshot_2026_09_07.json
343,map,tours,Tours,pierreggt,pierreggt,https://github.com/pierreggt,1,1,23,23,22,22,snapshot_2026_09_10.json,snapshot_2026_09_07.json
344,map,yukina-sk-trencin,Trenčín,ahkimn,Yukina-,https://subwaybuildermodded.com/credits,1,1,21,21,20,20,snapshot_2026_09_10.json,snapshot_2026_09_07.json
345,map,la-rochelle,La Rochelle,pierreggt,pierreggt,https://github.com/pierreggt,1,1,19,19,18,18,snapshot_2026_09_10.json,snapshot_2026_09_07.json
346,mod,advanced-analytics,Advanced Analytics,stefanorigano,Steno,https://github.com/stefanorigano,0,0,14278,14278,14278,14278,snapshot_2026_09_10.json,snapshot_2026_09_07.json
347,mod,danield1909-dantrains,"danTrains (v1.* ""Phoenix"")",DanielD1909,DanielD1909,https://github.com/DanielD1909,0,0,2433,2433,2433,2433,snapshot_2026_09_10.json,snapshot_2026_09_07.json
348,mod,imb11-moveit,Move It!,IMB11,IMB11,https://github.com/IMB11,0,0,1255,1255,1255,1255,snapshot_2026_09_10.json,snapshot_2026_09_07.json
349,map,guadalajara,Guadalajara,rslurry,slurry,https://github.com/rslurry,0,0,717,717,717,717,snapshot_2026_09_10.json,snapshot_2026_09_07.json
350,map,dublin,Dublin,Kronifer,Kronifer,https://github.com/Kronifer,0,0,610,610,610,610,snapshot_2026_09_10.json,snapshot_2026_09_07.json
351,map,lima,Lima,kaicardenas0618,kaicardenas0618,https://github.com/kaicardenas0618,0,0,384,384,384,384,snapshot_2026_09_10.json,snapshot_2026_09_07.json
352,map,mfn-madisonwi,Madison,crumpetime,muffintime,https://github.com/crumpetime,0,0,363,363,363,363,snapshot_2026_09_10.json,snapshot_2026_09_07.json
353,map,daytonatti,Daytonatti,soccerjonj,soccerjonj,https://github.com/soccerjonj,0,0,357,357,357,357,snapshot_2026_09_10.json,snapshot_2026_09_07.json
354,map,oklahoma-city,Oklahoma City,ryandicicco,ryandicicco,https://github.com/ryandicicco,0,0,354,354,354,354,snapshot_2026_09_10.json,snapshot_2026_09_07.json
355,map,bucharest-medium,Bucharest,metatablestudios,metatablestudios,https://github.com/metatablestudios,0,0,314,314,314,314,snapshot_2026_09_10.json,snapshot_2026_09_07.json
356,map,cdmx-core,CDMX Core,rslurry,slurry,https://github.com/rslurry,0,0,309,309,309,309,snapshot_2026_09_10.json,snapshot_2026_09_07.json
357,map,greater-portland,Greater Portland,rslurry,slurry,https://github.com/rslurry,0,0,285,285,285,285,snapshot_2026_09_10.json,snapshot_2026_09_07.json
358,map,puebla,Puebla,rslurry,slurry,https://github.com/rslurry,0,0,263,263,263,263,snapshot_2026_09_10.json,snapshot_2026_09_07.json
359,map,ciudad-juarez-el-paso,Ciudad Juárez-El Paso,rslurry,slurry,https://github.com/rslurry,0,0,242,242,242,242,snapshot_2026_09_10.json,snapshot_2026_09_07.json
360,map,providence,Providence,soccerjonj,soccerjonj,https://github.com/soccerjonj,0,0,241,241,241,241,snapshot_2026_09_10.json,snapshot_2026_09_07.json
361,map,sacramento,Sacramento,soccerjonj,soccerjonj,https://github.com/soccerjonj,0,0,236,236,236,236,snapshot_2026_09_10.json,snapshot_2026_09_07.json
362,map,anchorage-ak,Anchorage,PSWBSF,Potato Spaghetti Water Balloon Space Federation,https://youtu.be/dQw4w9WgXcQ?t=0,0,0,231,231,231,231,snapshot_2026_09_10.json,snapshot_2026_09_07.json
363,map,yukina-cz-ceske-budejovice,České Budějovice,ahkimn,Yukina-,https://subwaybuildermodded.com/credits,0,0,231,231,231,231,snapshot_2026_09_10.json,snapshot_2026_09_07.json
364,map,albany,Albany,soccerjonj,soccerjonj,https://github.com/soccerjonj,0,0,230,230,230,230,snapshot_2026_09_10.json,snapshot_2026_09_07.json
365,map,nashville,Nashville,soccerjonj,soccerjonj,https://github.com/soccerjonj,0,0,227,227,227,227,snapshot_2026_09_10.json,snapshot_2026_09_07.json
366,mod,pause-on-start,Pause On Start,rslurry,slurry,https://github.com/rslurry,0,0,225,225,225,225,snapshot_2026_09_10.json,snapshot_2026_09_07.json
367,mod,tathan-casino,TATHAN Casino,TathanDev,TathanDev,https://github.com/TathanDev,0,0,212,212,212,212,snapshot_2026_09_10.json,snapshot_2026_09_07.json
368,map,trondheim-val,Trondheim,Valdotorium,Valdotorium,https://github.com/Valdotorium,0,0,210,210,210,210,snapshot_2026_09_10.json,snapshot_2026_09_07.json
369,map,nice-cote-d-azur,Nice,pierreggt,pierreggt,https://github.com/pierreggt,0,0,206,206,206,206,snapshot_2026_09_10.json,snapshot_2026_09_07.json
370,map,tri-cities,Tri-Cities,ryandicicco,ryandicicco,https://github.com/ryandicicco,0,0,198,198,198,198,snapshot_2026_09_10.json,snapshot_2026_09_07.json
371,map,yukina-cz-karlovy-vary,Karlovy Vary,ahkimn,Yukina-,https://subwaybuildermodded.com/credits,0,0,197,197,197,197,snapshot_2026_09_10.json,snapshot_2026_09_07.json
372,map,colorado-ski-country,Colorado Ski Country,soccerjonj,soccerjonj,https://github.com/soccerjonj,0,0,188,188,188,188,snapshot_2026_09_10.json,snapshot_2026_09_07.json
373,map,waterloo,Region of Waterloo,Kronifer,Kronifer,https://github.com/Kronifer,0,0,188,188,188,188,snapshot_2026_09_10.json,snapshot_2026_09_07.json
374,map,louisville,Louisville,soccerjonj,soccerjonj,https://github.com/soccerjonj,0,0,183,183,183,183,snapshot_2026_09_10.json,snapshot_2026_09_07.json
375,map,yukina-cz-zlin,Zlín,ahkimn,Yukina-,https://subwaybuildermodded.com/credits,0,0,177,177,177,177,snapshot_2026_09_10.json,snapshot_2026_09_07.json
376,map,yukina-cz-jihlava,Jihlava,ahkimn,Yukina-,https://subwaybuildermodded.com/credits,0,0,176,176,176,176,snapshot_2026_09_10.json,snapshot_2026_09_07.json
377,map,saltillo,Saltillo,rslurry,slurry,https://github.com/rslurry,0,0,163,163,163,163,snapshot_2026_09_10.json,snapshot_2026_09_07.json
378,map,mfn-northwestar,Northwest Arkansas,crumpetime,muffintime,https://github.com/crumpetime,0,0,158,158,158,158,snapshot_2026_09_10.json,snapshot_2026_09_07.json
379,map,pyongyang-nk,Pyongyang,PSWBSF,Potato Spaghetti Water Balloon Space Federation,https://youtu.be/dQw4w9WgXcQ?t=0,0,0,158,158,158,158,snapshot_2026_09_10.json,snapshot_2026_09_07.json
380,map,yukina-pl-kielce,Kielce,ahkimn,Yukina-,https://subwaybuildermodded.com/credits,0,0,153,153,153,153,snapshot_2026_09_10.json,snapshot_2026_09_07.json
381,map,piedmont-triad,Piedmont Triad,PSWBSF,Potato Spaghetti Water Balloon Space Federation,https://youtu.be/dQw4w9WgXcQ?t=0,0,0,151,151,151,151,snapshot_2026_09_10.json,snapshot_2026_09_07.json
382,map,wilmington-nc,"Wilmington, NC",PSWBSF,Potato Spaghetti Water Balloon Space Federation,https://youtu.be/dQw4w9WgXcQ?t=0,0,0,137,137,137,137,snapshot_2026_09_10.json,snapshot_2026_09_07.json
383,mod,hide-and-seek,Hide+Seek: The Mod [beta],nzh0172,naz,https://github.com/nzh0172,0,0,135,135,135,135,snapshot_2026_09_10.json,snapshot_2026_09_07.json
384,map,dayton-oh,Dayton,PSWBSF,Potato Spaghetti Water Balloon Space Federation,https://youtu.be/dQw4w9WgXcQ?t=0,0,0,118,118,118,118,snapshot_2026_09_10.json,snapshot_2026_09_07.json
385,mod,anysave,AnySave,BarKuperman,BarKuperman,https://github.com/BarKuperman,0,0,112,112,112,112,snapshot_2026_09_10.json,snapshot_2026_09_07.json
386,map,montpellier-mediterranee,Montpellier,pierreggt,pierreggt,https://github.com/pierreggt,0,0,111,111,111,111,snapshot_2026_09_10.json,snapshot_2026_09_07.json
387,map,mexicali,Mexicali-Imperial Valley-Yuma,rslurry,slurry,https://github.com/rslurry,0,0,108,108,108,108,snapshot_2026_09_10.json,snapshot_2026_09_07.json
388,map,yukina-pl-opole,Opole,ahkimn,Yukina-,https://subwaybuildermodded.com/credits,0,0,108,108,108,108,snapshot_2026_09_10.json,snapshot_2026_09_07.json
389,map,yukina-pl-central-pomerania,Pomorze Środkowe,ahkimn,Yukina-,https://subwaybuildermodded.com/credits,0,0,104,104,104,104,snapshot_2026_09_10.json,snapshot_2026_09_07.json
390,map,riviera-romagnola,Riviera Romagnola,Maximilian284,max02,https://github.com/Maximilian284,0,0,101,101,101,101,snapshot_2026_09_10.json,snapshot_2026_09_07.json
391,map,yukina-pl-legnica,Legnica - LGOM,ahkimn,Yukina-,https://subwaybuildermodded.com/credits,0,0,90,90,90,90,snapshot_2026_09_10.json,snapshot_2026_09_07.json
392,map,yukina-pl-plock-wloclawek,Płock - Włocławek,ahkimn,Yukina-,https://subwaybuildermodded.com/credits,0,0,85,85,85,85,snapshot_2026_09_10.json,snapshot_2026_09_07.json
393,map,kristiansand-no,Kristiansand,rslurry,slurry,https://github.com/rslurry,0,0,82,82,82,82,snapshot_2026_09_10.json,snapshot_2026_09_07.json
394,map,mfn-rsw,Fort Myers,crumpetime,muffintime,https://github.com/crumpetime,0,0,74,74,74,74,snapshot_2026_09_10.json,snapshot_2026_09_07.json
395,map,cusco,Cusco,kaicardenas0618,kaicardenas0618,https://github.com/kaicardenas0618,0,0,68,68,68,68,snapshot_2026_09_10.json,snapshot_2026_09_07.json
396,map,arequipa,Arequipa,kaicardenas0618,kaicardenas0618,https://github.com/kaicardenas0618,0,0,66,66,66,66,snapshot_2026_09_10.json,snapshot_2026_09_07.json
397,map,arc-mediterraneen,L'Arc Méditerranéen,pierreggt,pierreggt,https://github.com/pierreggt,0,0,49,49,49,49,snapshot_2026_09_10.json,snapshot_2026_09_07.json
398,map,augsburg,Augsburg,pierreggt,pierreggt,https://github.com/pierreggt,0,0,48,48,48,48,snapshot_2026_09_10.json,snapshot_2026_09_07.json
399,map,chiclayo,Chiclayo,kaicardenas0618,kaicardenas0618,https://github.com/kaicardenas0618,0,0,48,48,48,48,snapshot_2026_09_10.json,snapshot_2026_09_07.json
400,map,piura,Piura,kaicardenas0618,kaicardenas0618,https://github.com/kaicardenas0618,0,0,48,48,48,48,snapshot_2026_09_10.json,snapshot_2026_09_07.json
401,map,trujillo,Trujillo,kaicardenas0618,kaicardenas0618,https://github.com/kaicardenas0618,0,0,48,48,48,48,snapshot_2026_09_10.json,snapshot_2026_09_07.json
402,map,bremen,Bremen,pierreggt,pierreggt,https://github.com/pierreggt,0,0,46,46,46,46,snapshot_2026_09_10.json,snapshot_2026_09_07.json
403,map,chimbote,Chimbote,kaicardenas0618,kaicardenas0618,https://github.com/kaicardenas0618,0,0,45,45,45,45,snapshot_2026_09_10.json,snapshot_2026_09_07.json
404,map,iquitos,Iquitos,kaicardenas0618,kaicardenas0618,https://github.com/kaicardenas0618,0,0,45,45,45,45,snapshot_2026_09_10.json,snapshot_2026_09_07.json
405,map,huancayo-jauja,Huancayo/Jauja,kaicardenas0618,kaicardenas0618,https://github.com/kaicardenas0618,0,0,43,43,43,43,snapshot_2026_09_10.json,snapshot_2026_09_07.json
406,mod,imb11-subwaycine,SubwayCine,IMB11,IMB11,https://github.com/IMB11,0,0,33,33,33,33,snapshot_2026_09_10.json,snapshot_2026_09_07.json
407,map,muscat,Muscat,pierreggt,pierreggt,https://github.com/pierreggt,0,0,32,32,32,32,snapshot_2026_09_10.json,snapshot_2026_09_07.json
408,map,chemnitz,Chemnitz,pierreggt,pierreggt,https://github.com/pierreggt,0,0,29,29,29,29,snapshot_2026_09_10.json,snapshot_2026_09_07.json
409,map,kuwait-city,Kuwait City,pierreggt,pierreggt,https://github.com/pierreggt,0,0,29,29,29,29,snapshot_2026_09_10.json,snapshot_2026_09_07.json
410,map,martinique,Martinique,pierreggt,pierreggt,https://github.com/pierreggt,0,0,28,28,28,28,snapshot_2026_09_10.json,snapshot_2026_09_07.json
411,map,guadeloupe,Guadeloupe,pierreggt,pierreggt,https://github.com/pierreggt,0,0,27,27,27,27,snapshot_2026_09_10.json,snapshot_2026_09_07.json
412,map,ipoh,Ipoh,nzh0172,naz,https://github.com/nzh0172,0,0,27,27,27,27,snapshot_2026_09_10.json,snapshot_2026_09_07.json
413,map,brest,Brest,pierreggt,pierreggt,https://github.com/pierreggt,0,0,26,26,26,26,snapshot_2026_09_10.json,snapshot_2026_09_07.json
414,map,angers,Angers,pierreggt,pierreggt,https://github.com/pierreggt,0,0,24,24,24,24,snapshot_2026_09_10.json,snapshot_2026_09_07.json
415,mod,prospector-ghebeek,Prospector,matematysek,matematysek,https://github.com/matematysek,0,0,23,23,23,23,snapshot_2026_09_10.json,snapshot_2026_09_07.json
416,map,rouen,Rouen,pierreggt,pierreggt,https://github.com/pierreggt,0,0,23,23,23,23,snapshot_2026_09_10.json,snapshot_2026_09_07.json
417,map,orleans,Orléans,pierreggt,pierreggt,https://github.com/pierreggt,0,0,22,22,22,22,snapshot_2026_09_10.json,snapshot_2026_09_07.json
418,map,caen,Caen,pierreggt,pierreggt,https://github.com/pierreggt,0,0,21,21,21,21,snapshot_2026_09_10.json,snapshot_2026_09_07.json
419,map,erbil,Erbil,pierreggt,pierreggt,https://github.com/pierreggt,0,0,21,21,21,21,snapshot_2026_09_10.json,snapshot_2026_09_07.json
420,map,guyane,Guyane,pierreggt,pierreggt,https://github.com/pierreggt,0,0,21,21,21,21,snapshot_2026_09_10.json,snapshot_2026_09_07.json
421,map,besancon,Besançon,pierreggt,pierreggt,https://github.com/pierreggt,0,0,20,20,20,20,snapshot_2026_09_10.json,snapshot_2026_09_07.json
422,map,calais-dunkerque,Calais - Dunkerque,pierreggt,pierreggt,https://github.com/pierreggt,0,0,20,20,20,20,snapshot_2026_09_10.json,snapshot_2026_09_07.json
423,map,mosul,Mosul,pierreggt,pierreggt,https://github.com/pierreggt,0,0,20,20,20,20,snapshot_2026_09_10.json,snapshot_2026_09_07.json
424,map,pau,Pau,pierreggt,pierreggt,https://github.com/pierreggt,0,0,20,20,20,20,snapshot_2026_09_10.json,snapshot_2026_09_07.json
425,map,dijon,Dijon,pierreggt,pierreggt,https://github.com/pierreggt,0,0,19,19,19,19,snapshot_2026_09_10.json,snapshot_2026_09_07.json
426,map,le-mans,Le Mans,pierreggt,pierreggt,https://github.com/pierreggt,0,0,19,19,19,19,snapshot_2026_09_10.json,snapshot_2026_09_07.json
427,map,reims,Reims,pierreggt,pierreggt,https://github.com/pierreggt,0,0,19,19,19,19,snapshot_2026_09_10.json,snapshot_2026_09_07.json
428,map,amiens,Amiens,pierreggt,pierreggt,https://github.com/pierreggt,0,0,18,18,18,18,snapshot_2026_09_10.json,snapshot_2026_09_07.json
429,map,le-havre,Le Havre,pierreggt,pierreggt,https://github.com/pierreggt,0,0,18,18,18,18,snapshot_2026_09_10.json,snapshot_2026_09_07.json
430,map,limoges,Limoges,pierreggt,pierreggt,https://github.com/pierreggt,0,0,18,18,18,18,snapshot_2026_09_10.json,snapshot_2026_09_07.json
431,map,mashhad,Mashhad,pierreggt,pierreggt,https://github.com/pierreggt,0,0,18,18,18,18,snapshot_2026_09_10.json,snapshot_2026_09_07.json
432,map,troyes,Troyes,pierreggt,pierreggt,https://github.com/pierreggt,0,0,15,15,15,15,snapshot_2026_09_10.json,snapshot_2026_09_07.json
433,map,shiraz,Shiraz,pierreggt,pierreggt,https://github.com/pierreggt,0,0,14,14,14,14,snapshot_2026_09_10.json,snapshot_2026_09_07.json
434,map,cancun-riviera-maya,Cancun / Riviera Maya,Meszier83,Meszier83,https://github.com/Meszier83,0,0,0,0,0,0,snapshot_2026_09_10.json,snapshot_2026_09_07.json
435,map,moscow-and-oblast,Moscow,akospanov,akospanov,https://github.com/akospanov,0,0,0,0,0,0,snapshot_2026_09_10.json,snapshot_2026_09_07.json
436,mod,zz-deletion-fixture,Deletion Fixture,subway-builder-modded-admin,Subway Builder Modded,https://subwaybuildermodded.com,0,0,0,0,0,0,snapshot_2026_09_10.json,snapshot_2026_09_07.json
437,mod,zz-deprecation-fixture,Deprecation Fixture,subway-builder-modded-admin,Subway Builder Modded,https://subwaybuildermodded.com,0,0,0,0,0,0,snapshot_2026_09_10.json,snapshot_2026_09_07.json
