rank,listing_type,id,name,author,author_alias,attribution_link,total_downloads,adjusted_total_downloads,latest_snapshot
1,mod,advanced-analytics,Advanced Analytics,stefanorigano,Steno,https://github.com/stefanorigano,14278,14278,snapshot_2026_09_09.json
2,mod,distance-circles,Station Catchment Viewer,crumpetime,muffintime,https://github.com/crumpetime,8150,8150,snapshot_2026_09_09.json
3,mod,improved-schematics,Improved Schematics,martig7,martig7,https://github.com/martig7,5988,5988,snapshot_2026_09_09.json
4,mod,transit-overlay,Transit Overlay,BarKuperman,BarKuperman,https://github.com/BarKuperman,5419,5419,snapshot_2026_09_09.json
5,mod,subwaybuilder-regions,Regions,ahkimn,Yukina-,https://subwaybuildermodded.com/credits,5348,5348,snapshot_2026_09_09.json
6,mod,induced-demand,Induced Demand,martig7,martig7,https://github.com/martig7,4120,4120,snapshot_2026_09_09.json
7,mod,valdotoriums-trains,Valdotoriums S-Bahn and Trams,Valdotorium,Valdotorium,https://github.com/Valdotorium,3806,3806,snapshot_2026_09_09.json
8,map,greater-los-angeles,Greater Los Angeles,rslurry,slurry,https://github.com/rslurry,3786,3786,snapshot_2026_09_09.json
9,map,jelegend-tokyo,東京 (Tokyo),jelegend,jelegend,https://github.com/jelegend,3767,3767,snapshot_2026_09_09.json
10,mod,simple-trains,Simple Trains,Bobby-047,Bobby-047,https://github.com/Bobby-047,3709,3709,snapshot_2026_09_09.json
11,map,toronto,Toronto,subway-builder-modded-admin,Subway Builder Modded,https://subwaybuildermodded.com,3309,3309,snapshot_2026_09_09.json
12,mod,station-dots,Station Dots,nzh0172,naz,https://github.com/nzh0172,3220,3220,snapshot_2026_09_09.json
13,map,mfn-hong-kong,Hong Kong,crumpetime,muffintime,https://github.com/crumpetime,3048,3048,snapshot_2026_09_09.json
14,mod,network-status,Network Status,Valdotorium,Valdotorium,https://github.com/Valdotorium,2903,2903,snapshot_2026_09_09.json
15,map,yukina-osaka,大阪 (Ōsaka),ahkimn,Yukina-,https://subwaybuildermodded.com/credits,2862,2862,snapshot_2026_09_09.json
16,mod,citymapper,Citymapper,Gio1112,giorgiodabest,https://giorgio.is-a.dev/,2791,2791,snapshot_2026_09_09.json
17,mod,tod,Transit-Oriented Development[beta],hsullivan1201,hsullivan1201,https://github.com/hsullivan1201,2604,2604,snapshot_2026_09_09.json
18,map,seoul-4,Seoul (40km×40km),kimth9,kimth9,https://github.com/kimth9,2573,2573,snapshot_2026_09_09.json
19,mod,track-visualizer,track height visualizer,seanyushoumori,seanyushoumori,https://github.com/seanyushoumori,2551,2551,snapshot_2026_09_09.json
20,mod,game-speedup,Game SpeedUp,Valdotorium,Valdotorium,https://github.com/Valdotorium,2538,2538,snapshot_2026_09_09.json
21,map,berlin-val,Berlin,Valdotorium,Valdotorium,https://github.com/Valdotorium,2515,2515,snapshot_2026_09_09.json
22,map,yukina-cz-praha,Praha,ahkimn,Yukina-,https://subwaybuildermodded.com/credits,2512,2512,snapshot_2026_09_09.json
23,mod,any-money,anyMoney,nzh0172,naz,https://github.com/nzh0172,2460,2460,snapshot_2026_09_09.json
24,mod,danield1909-dantrains,"danTrains (v1.* ""Phoenix"")",DanielD1909,DanielD1909,https://github.com/DanielD1909,2433,2433,snapshot_2026_09_09.json
25,mod,orbital-surveyor,Orbital Surveyor,BarKuperman,BarKuperman,https://github.com/BarKuperman,2326,2326,snapshot_2026_09_09.json
26,map,montreal,Montreal,subway-builder-modded-admin,Subway Builder Modded,https://subwaybuildermodded.com,2301,2301,snapshot_2026_09_09.json
27,map,zurich,Zurich,Kronifer,Kronifer,https://github.com/Kronifer,2193,2193,snapshot_2026_09_09.json
28,mod,neighborhood-station-names,Neighborhood Station Names,pendulating,pendulating,https://github.com/pendulating,2189,2189,snapshot_2026_09_09.json
29,map,yukina-tw-taipei,臺北 (Taipei),ahkimn,Yukina-,https://subwaybuildermodded.com/credits,2152,2152,snapshot_2026_09_09.json
30,map,ciudad-de-mexico,Ciudad de México,rslurry,slurry,https://github.com/rslurry,2111,2111,snapshot_2026_09_09.json
31,map,vancouver,Vancouver,subway-builder-modded-admin,Subway Builder Modded,https://subwaybuildermodded.com,1936,1936,snapshot_2026_09_09.json
32,mod,missed-connections,Missed Connections,rslurry,slurry,https://github.com/rslurry,1890,1890,snapshot_2026_09_09.json
33,mod,mode-manager,Mode Manager,Mpfk,Mpfk,https://github.com/Mpfk,1885,1885,snapshot_2026_09_09.json
34,mod,track-anarchy,Track Anarchy,seanyushoumori,seanyushoumori,https://github.com/seanyushoumori,1860,1860,snapshot_2026_09_09.json
35,map,barcelona,Barcelona,Maximilian284,max02,https://github.com/Maximilian284,1827,1827,snapshot_2026_09_09.json
36,map,singapore-val,Singapore,Valdotorium,Valdotorium,https://github.com/Valdotorium,1803,1803,snapshot_2026_09_09.json
37,map,shanghai,Shanghai,Kronifer,Kronifer,https://github.com/Kronifer,1754,1754,snapshot_2026_09_09.json
38,map,amsterdam,Amsterdam,ryandicicco,ryandicicco,https://github.com/ryandicicco,1726,1726,snapshot_2026_09_09.json
39,mod,scrollable-dropdowns,Scrollable Dropdowns,seanyushoumori,seanyushoumori,https://github.com/seanyushoumori,1720,1720,snapshot_2026_09_09.json
40,map,yukina-kyoto,京都 (Kyōto),ahkimn,Yukina-,https://subwaybuildermodded.com/credits,1685,1685,snapshot_2026_09_09.json
41,map,yukina-pl-warszawa,Warszawa,ahkimn,Yukina-,https://subwaybuildermodded.com/credits,1642,1642,snapshot_2026_09_09.json
42,map,madrid,Madrid,Maximilian284,max02,https://github.com/Maximilian284,1633,1633,snapshot_2026_09_09.json
43,map,paris-ile-de-france,Paris - Ile de France,pierreggt,pierreggt,https://github.com/pierreggt,1523,1523,snapshot_2026_09_09.json
44,map,los-angeles-county,Los Angeles County,rslurry,slurry,https://github.com/rslurry,1435,1435,snapshot_2026_09_09.json
45,mod,auto-lines,Auto Lines,roquerodrigo,roquerodrigo,https://github.com/roquerodrigo,1402,1402,snapshot_2026_09_09.json
46,map,guangzhou,Guangzhou,Kronifer,Kronifer,https://github.com/Kronifer,1378,1378,snapshot_2026_09_09.json
47,map,sydney,Sydney,WillBarouch,WillBarouch,https://github.com/WillBarouch,1359,1359,snapshot_2026_09_09.json
48,map,helsinki,Helsinki,rslurry,slurry,https://github.com/rslurry,1332,1332,snapshot_2026_09_09.json
49,map,seoul-3,Seoul (30km×30km),kimth9,kimth9,https://github.com/kimth9,1298,1298,snapshot_2026_09_09.json
50,mod,imb11-moveit,Move It!,IMB11,IMB11,https://github.com/IMB11,1255,1255,snapshot_2026_09_09.json
51,map,yukina-keihanshin,京阪神 (Keihanshin),ahkimn,Yukina-,https://subwaybuildermodded.com/credits,1232,1232,snapshot_2026_09_09.json
52,map,shenzhen,Shenzhen,Kronifer,Kronifer,https://github.com/Kronifer,1220,1220,snapshot_2026_09_09.json
53,mod,subway-builder-performance,Subway Builder Performance,rexmhall09,rexmhall09,https://github.com/rexmhall09,1206,1206,snapshot_2026_09_09.json
54,map,yukina-nagoya,名古屋 (Nagoya),ahkimn,Yukina-,https://subwaybuildermodded.com/credits,1175,1175,snapshot_2026_09_09.json
55,map,yukina-sapporo-chitose,札幌 (Sapporo),ahkimn,Yukina-,https://subwaybuildermodded.com/credits,1165,1165,snapshot_2026_09_09.json
56,mod,map-markers,Map Markers,roquerodrigo,roquerodrigo,https://github.com/roquerodrigo,1163,1163,snapshot_2026_09_09.json
57,map,yukina-fukuoka,福岡 (Fukuoka),ahkimn,Yukina-,https://subwaybuildermodded.com/credits,1137,1137,snapshot_2026_09_09.json
58,mod,lrt-trains,LRT Trains,kaicardenas0618,kaicardenas0618,https://github.com/kaicardenas0618,1131,1131,snapshot_2026_09_09.json
59,mod,japanese-trains,Japanese Trains,kaicardenas0618,kaicardenas0618,https://github.com/kaicardenas0618,1124,1124,snapshot_2026_09_09.json
60,map,busan-4,Busan (40km×40km),kimth9,kimth9,https://github.com/kimth9,1095,1095,snapshot_2026_09_09.json
61,map,rome,Rome,Maximilian284,max02,https://github.com/Maximilian284,1091,1091,snapshot_2026_09_09.json
62,map,beijing,Beijing,Kronifer,Kronifer,https://github.com/Kronifer,1069,1069,snapshot_2026_09_09.json
63,map,milan,Milan,Maximilian284,max02,https://github.com/Maximilian284,1069,1069,snapshot_2026_09_09.json
64,map,glasgow-edinburgh,Glasgow-Edinburgh,Kronifer,Kronifer,https://github.com/Kronifer,1037,1037,snapshot_2026_09_09.json
65,map,yukina-pl-krakow,Kraków,ahkimn,Yukina-,https://subwaybuildermodded.com/credits,1035,1035,snapshot_2026_09_09.json
66,map,tampa-bay,Tampa Bay,rslurry,slurry,https://github.com/rslurry,1031,1031,snapshot_2026_09_09.json
67,map,baltimore-dc-corridor,Baltimore-DC Corridor,rslurry,slurry,https://github.com/rslurry,1026,1026,snapshot_2026_09_09.json
68,map,greater-chicagoland,Greater Chicagoland,NerdieSanders,NerdieSanders,https://github.com/NerdieSanders,988,988,snapshot_2026_09_09.json
69,map,yukina-hiroshima-kure,広島 (Hiroshima),ahkimn,Yukina-,https://subwaybuildermodded.com/credits,953,953,snapshot_2026_09_09.json
70,map,chongqing,Chongqing,Kronifer,Kronifer,https://github.com/Kronifer,923,923,snapshot_2026_09_09.json
71,mod,satellite-overlay,Satellite Overlay,TransitCore,TransitCore,https://github.com/TransitCore,899,899,snapshot_2026_09_09.json
72,map,yukina-okinawa,沖縄 (Okinawa),ahkimn,Yukina-,https://subwaybuildermodded.com/credits,885,885,snapshot_2026_09_09.json
73,map,ottawa,Ottawa,subway-builder-modded-admin,Subway Builder Modded,https://subwaybuildermodded.com,878,878,snapshot_2026_09_09.json
74,map,opo-pt-metropolitan,"Porto, Portugal",bquelhas,bquelhas,https://github.com/bquelhas,876,876,snapshot_2026_09_09.json
75,map,yukina-lv-riga,Rīga,ahkimn,Yukina-,https://subwaybuildermodded.com/credits,853,853,snapshot_2026_09_09.json
76,map,rotterdam-the-hague,Rotterdam-The Hague,ryandicicco,ryandicicco,https://github.com/ryandicicco,850,850,snapshot_2026_09_09.json
77,map,yukina-kobe-akashi,神戸・姫路 (Kōbe & Himeji),ahkimn,Yukina-,https://subwaybuildermodded.com/credits,848,848,snapshot_2026_09_09.json
78,map,yukina-pl-gdansk,Gdańsk,ahkimn,Yukina-,https://subwaybuildermodded.com/credits,843,843,snapshot_2026_09_09.json
79,mod,dantrains-abridged,Dan Trains Abridged,DanielD1909,DanielD1909,https://github.com/DanielD1909,832,832,snapshot_2026_09_09.json
80,map,oslo-no,Oslo,rslurry,slurry,https://github.com/rslurry,831,831,snapshot_2026_09_09.json
81,map,monterrey,Monterrey,rslurry,slurry,https://github.com/rslurry,814,814,snapshot_2026_09_09.json
82,map,yukina-tokyo,東京 (Tōkyō),ahkimn,Yukina-,https://subwaybuildermodded.com/credits,797,797,snapshot_2026_09_09.json
83,map,calgary,Calgary,subway-builder-modded-admin,Subway Builder Modded,https://subwaybuildermodded.com,782,782,snapshot_2026_09_09.json
84,map,incheon-4,Incheon (40km×40km),kimth9,kimth9,https://github.com/kimth9,782,782,snapshot_2026_09_09.json
85,map,yukina-ee-tallinn,Tallinn,ahkimn,Yukina-,https://subwaybuildermodded.com/credits,782,782,snapshot_2026_09_09.json
86,map,yukina-cz-brno,Brno,ahkimn,Yukina-,https://subwaybuildermodded.com/credits,776,776,snapshot_2026_09_09.json
87,map,puerto-rico,Puerto Rico,rslurry,slurry,https://github.com/rslurry,764,764,snapshot_2026_09_09.json
88,map,tel-aviv,Tel Aviv,BarKuperman,BarKuperman,https://github.com/BarKuperman,758,758,snapshot_2026_09_09.json
89,map,yukina-northern-kyushu,福北 (Fukuoka & Kitakyūshū),ahkimn,Yukina-,https://subwaybuildermodded.com/credits,755,755,snapshot_2026_09_09.json
90,map,mfn-lasvegas,Las Vegas,crumpetime,muffintime,https://github.com/crumpetime,723,723,snapshot_2026_09_09.json
91,map,guadalajara,Guadalajara,rslurry,slurry,https://github.com/rslurry,717,717,snapshot_2026_09_09.json
92,map,yukina-sendai,仙台 (Sendai),ahkimn,Yukina-,https://subwaybuildermodded.com/credits,697,697,snapshot_2026_09_09.json
93,map,quebec-city,Quebec City,subway-builder-modded-admin,Subway Builder Modded,https://subwaybuildermodded.com,686,686,snapshot_2026_09_09.json
94,map,warsaw-val,Warsaw,Valdotorium,Valdotorium,https://github.com/Valdotorium,683,683,snapshot_2026_09_09.json
95,map,yukina-tw-kaohsiung,高雄 (Kaohsiung),ahkimn,Yukina-,https://subwaybuildermodded.com/credits,640,640,snapshot_2026_09_09.json
96,map,edmonton,Edmonton,subway-builder-modded-admin,Subway Builder Modded,https://subwaybuildermodded.com,638,638,snapshot_2026_09_09.json
97,mod,cinematic-camera,Cinematic Camera,TransitCore,TransitCore,https://github.com/TransitCore,621,621,snapshot_2026_09_09.json
98,map,yukina-tw-taichung,臺中 (Taichung),ahkimn,Yukina-,https://subwaybuildermodded.com/credits,614,614,snapshot_2026_09_09.json
99,map,dublin,Dublin,Kronifer,Kronifer,https://github.com/Kronifer,610,610,snapshot_2026_09_09.json
100,map,yukina-pl-katowice-gzm,Katowice - GZM,ahkimn,Yukina-,https://subwaybuildermodded.com/credits,599,599,snapshot_2026_09_09.json
101,map,dubai,Dubai,ryandicicco,ryandicicco,https://github.com/ryandicicco,574,574,snapshot_2026_09_09.json
102,map,greater-kuala-lumpur,Greater Kuala Lumpur,nzh0172,naz,https://github.com/nzh0172,570,570,snapshot_2026_09_09.json
103,map,yukina-kitakyushu-shimonoseki,北九州・下関 (Kitakyūshū & Shimonoseki),ahkimn,Yukina-,https://subwaybuildermodded.com/credits,565,565,snapshot_2026_09_09.json
104,map,orlando,Orlando,rslurry,slurry,https://github.com/rslurry,544,544,snapshot_2026_09_09.json
105,map,yukina-hakodate,函館 (Hakodate),ahkimn,Yukina-,https://subwaybuildermodded.com/credits,517,517,snapshot_2026_09_09.json
106,mod,chinese-trains,Chinese Trains,kaicardenas0618,kaicardenas0618,https://github.com/kaicardenas0618,515,515,snapshot_2026_09_09.json
107,map,valencia,Valencia,Maximilian284,max02,https://github.com/Maximilian284,512,512,snapshot_2026_09_09.json
108,map,yukina-pl-wroclaw,Wrocław,ahkimn,Yukina-,https://subwaybuildermodded.com/credits,510,510,snapshot_2026_09_09.json
109,map,winnipeg,Winnipeg,subway-builder-modded-admin,Subway Builder Modded,https://subwaybuildermodded.com,508,508,snapshot_2026_09_09.json
110,map,istanbul,Istanbul,pierreggt,pierreggt,https://github.com/pierreggt,507,507,snapshot_2026_09_09.json
111,map,bilbao,Bilbao,Maximilian284,max02,https://github.com/Maximilian284,503,503,snapshot_2026_09_09.json
112,map,yukina-ua-kyiv,Київ / Kyiv,ahkimn,Yukina-,https://subwaybuildermodded.com/credits,502,502,snapshot_2026_09_09.json
113,map,au-melbourne,Melbourne,subway-builder-modded-admin,Subway Builder Modded,https://subwaybuildermodded.com,499,499,snapshot_2026_09_09.json
114,map,yukina-lt-vilnius,Vilnius,ahkimn,Yukina-,https://subwaybuildermodded.com/credits,498,498,snapshot_2026_09_09.json
115,map,yukina-niigata,新潟 (Niigata),ahkimn,Yukina-,https://subwaybuildermodded.com/credits,497,497,snapshot_2026_09_09.json
116,map,vienna,Vienna,Rmerr1,Rmerr1,https://github.com/Rmerr1,496,496,snapshot_2026_09_09.json
117,map,busan-3,Busan (30km×30km),kimth9,kimth9,https://github.com/kimth9,494,494,snapshot_2026_09_09.json
118,map,greatertwincities,Greater Twin Cities,DanielD1909,DanielD1909,https://github.com/DanielD1909,492,492,snapshot_2026_09_09.json
119,map,cairo,Cairo,ryandicicco,ryandicicco,https://github.com/ryandicicco,480,480,snapshot_2026_09_09.json
120,map,yukina-cz-ostrava,Ostrava,ahkimn,Yukina-,https://subwaybuildermodded.com/credits,470,470,snapshot_2026_09_09.json
121,map,yukina-nagasaki,長崎 (Nagasaki),ahkimn,Yukina-,https://subwaybuildermodded.com/credits,468,468,snapshot_2026_09_09.json
122,map,rhode-island,Rhode Island,rslurry,slurry,https://github.com/rslurry,462,462,snapshot_2026_09_09.json
123,map,naples,Naples,Maximilian284,max02,https://github.com/Maximilian284,448,448,snapshot_2026_09_09.json
124,map,south-florida,South Florida,kaicardenas0618,kaicardenas0618,https://github.com/kaicardenas0618,446,446,snapshot_2026_09_09.json
125,map,au-syd2,Sydney,subway-builder-modded-admin,Subway Builder Modded,https://subwaybuildermodded.com,442,442,snapshot_2026_09_09.json
126,map,tijuana-san-diego,Tijuana-San Diego,rslurry,slurry,https://github.com/rslurry,436,436,snapshot_2026_09_09.json
127,map,yukina-matsuyama,松山 (Matsuyama),ahkimn,Yukina-,https://subwaybuildermodded.com/credits,434,434,snapshot_2026_09_09.json
128,mod,kr-ktp,Korean Transit Pack,kimth9,kimth9,https://github.com/kimth9,433,433,snapshot_2026_09_09.json
129,map,yukina-pl-lodz,Łódź,ahkimn,Yukina-,https://subwaybuildermodded.com/credits,416,416,snapshot_2026_09_09.json
130,map,yukina-kagoshima-kirishima,鹿児島 (Kagoshima),ahkimn,Yukina-,https://subwaybuildermodded.com/credits,410,410,snapshot_2026_09_09.json
131,map,yukina-kochi,高知 (Kōchi),ahkimn,Yukina-,https://subwaybuildermodded.com/credits,404,404,snapshot_2026_09_09.json
132,map,yukina-toyama,富山 (Toyama),ahkimn,Yukina-,https://subwaybuildermodded.com/credits,399,399,snapshot_2026_09_09.json
133,map,yukina-yamagata,山形 (Yamagata),ahkimn,Yukina-,https://subwaybuildermodded.com/credits,395,395,snapshot_2026_09_09.json
134,map,yukina-pl-poznan,Poznań,ahkimn,Yukina-,https://subwaybuildermodded.com/credits,393,393,snapshot_2026_09_09.json
135,mod,train-anarchy,Train Anarchy,seanyushoumori,seanyushoumori,https://github.com/seanyushoumori,385,385,snapshot_2026_09_09.json
136,map,lima,Lima,kaicardenas0618,kaicardenas0618,https://github.com/kaicardenas0618,384,384,snapshot_2026_09_09.json
137,map,yukina-shizuoka-hamamatsu,静岡・浜松 (Shizuoka/Hamamatsu),ahkimn,Yukina-,https://subwaybuildermodded.com/credits,384,384,snapshot_2026_09_09.json
138,map,yukina-tw-tainan,臺南 (Tainan),ahkimn,Yukina-,https://subwaybuildermodded.com/credits,384,384,snapshot_2026_09_09.json
139,map,bangkok,Bangkok,nzh0172,naz,https://github.com/nzh0172,383,383,snapshot_2026_09_09.json
140,map,greater-newyork,Greater NYC,chasemanning040911-afk,lechicken,https://github.com/chasemanning040911-afk,380,380,snapshot_2026_09_09.json
141,map,seoul,Seoul,cromstar,cromstar,https://github.com/cromstar,371,371,snapshot_2026_09_09.json
142,map,cape-town,Cape Town,worstboyinaustral1a,worstboyinaustral1a,https://github.com/worstboyinaustral1a,370,370,snapshot_2026_09_09.json
143,map,lyon,Lyon - Vallée du Rhône & Alpes,pierreggt,pierreggt,https://github.com/pierreggt,366,366,snapshot_2026_09_09.json
144,map,mfn-madisonwi,Madison,crumpetime,muffintime,https://github.com/crumpetime,363,363,snapshot_2026_09_09.json
145,map,yukina-cz-plzen,Plzeň,ahkimn,Yukina-,https://subwaybuildermodded.com/credits,363,363,snapshot_2026_09_09.json
146,map,daytonatti,Daytonatti,soccerjonj,soccerjonj,https://github.com/soccerjonj,357,357,snapshot_2026_09_09.json
147,map,oklahoma-city,Oklahoma City,ryandicicco,ryandicicco,https://github.com/ryandicicco,354,354,snapshot_2026_09_09.json
148,map,yukina-bydgoszcz-torun,Bydgoszcz - Toruń,ahkimn,Yukina-,https://subwaybuildermodded.com/credits,345,345,snapshot_2026_09_09.json
149,map,nz-auckland,Auckland,subway-builder-modded-admin,Subway Builder Modded,https://subwaybuildermodded.com,343,343,snapshot_2026_09_09.json
150,map,yukina-cz-ustecko-chomutov,Ústí nad Labem - Chomutov,ahkimn,Yukina-,https://subwaybuildermodded.com/credits,342,342,snapshot_2026_09_09.json
151,map,yukina-asahikawa,旭川 (Asahikawa),ahkimn,Yukina-,https://subwaybuildermodded.com/credits,324,324,snapshot_2026_09_09.json
152,map,san-antonio,San Antonio,rslurry,slurry,https://github.com/rslurry,323,323,snapshot_2026_09_09.json
153,map,mfn-hamptonroads,Norfolk,crumpetime,muffintime,https://github.com/crumpetime,319,319,snapshot_2026_09_09.json
154,map,san-juan,San Juan,rslurry,slurry,https://github.com/rslurry,317,317,snapshot_2026_09_09.json
155,map,bucharest-medium,Bucharest,metatablestudios,metatablestudios,https://github.com/metatablestudios,314,314,snapshot_2026_09_09.json
156,map,marseille,Marseille - Provence,pierreggt,pierreggt,https://github.com/pierreggt,314,314,snapshot_2026_09_09.json
157,map,yukina-tsugaru,津軽 (Tsugaru),ahkimn,Yukina-,https://subwaybuildermodded.com/credits,313,313,snapshot_2026_09_09.json
158,map,yukina-cz-hradec-pardubice,Hradec Králové - Pardubice,ahkimn,Yukina-,https://subwaybuildermodded.com/credits,310,310,snapshot_2026_09_09.json
159,map,yukina-nakadoori,中通り (Nakadōri),ahkimn,Yukina-,https://subwaybuildermodded.com/credits,310,310,snapshot_2026_09_09.json
160,map,cdmx-core,CDMX Core,rslurry,slurry,https://github.com/rslurry,309,309,snapshot_2026_09_09.json
161,map,yukina-tw-hsinchu,新竹 (Hsinchu),ahkimn,Yukina-,https://subwaybuildermodded.com/credits,309,309,snapshot_2026_09_09.json
162,map,yukina-cz-olomouc,Olomouc,ahkimn,Yukina-,https://subwaybuildermodded.com/credits,307,307,snapshot_2026_09_09.json
163,map,yukina-nakaumi,中海 (Nakaumi),ahkimn,Yukina-,https://subwaybuildermodded.com/credits,307,307,snapshot_2026_09_09.json
164,map,yukina-okayama,岡山 (Okayama),ahkimn,Yukina-,https://subwaybuildermodded.com/credits,306,306,snapshot_2026_09_09.json
165,map,turin,Turin,Maximilian284,max02,https://github.com/Maximilian284,304,304,snapshot_2026_09_09.json
166,mod,demand-clusters,Demand Clusters,m4d5hr1mp,m4d5hr1mp,https://github.com/m4d5hr1mp,300,300,snapshot_2026_09_09.json
167,map,yukina-takamatsu,高松 (Takamatsu),ahkimn,Yukina-,https://subwaybuildermodded.com/credits,297,297,snapshot_2026_09_09.json
168,map,richmond,Richmond,rslurry,slurry,https://github.com/rslurry,294,294,snapshot_2026_09_09.json
169,map,yukina-kumamoto,熊本 (Kumamoto),ahkimn,Yukina-,https://subwaybuildermodded.com/credits,293,293,snapshot_2026_09_09.json
170,map,charleston-huntington-wv,Charleston-Huntington,PSWBSF,Potato Spaghetti Water Balloon Space Federation,https://youtu.be/dQw4w9WgXcQ?t=0,290,290,snapshot_2026_09_09.json
171,map,florence,Florence,Maximilian284,max02,https://github.com/Maximilian284,289,289,snapshot_2026_09_09.json
172,map,greater-portland,Greater Portland,rslurry,slurry,https://github.com/rslurry,285,285,snapshot_2026_09_09.json
173,map,bergen-stavanger-no,Bergen-Stavanger,rslurry,slurry,https://github.com/rslurry,284,284,snapshot_2026_09_09.json
174,mod,danield1909-realism-pathfinding,Pathfinding Realism Mod,DanielD1909,DanielD1909,https://github.com/DanielD1909,283,283,snapshot_2026_09_09.json
175,map,yukina-lt-kaunas,Kaunas,ahkimn,Yukina-,https://subwaybuildermodded.com/credits,283,283,snapshot_2026_09_09.json
176,map,jerusalem,Jerusalem,BarKuperman,BarKuperman,https://github.com/BarKuperman,278,278,snapshot_2026_09_09.json
177,map,yukina-pl-szczecin,Szczecin,ahkimn,Yukina-,https://subwaybuildermodded.com/credits,277,277,snapshot_2026_09_09.json
178,map,jacksonville,Jacksonville,rslurry,slurry,https://github.com/rslurry,276,276,snapshot_2026_09_09.json
179,map,au-brisbane,Brisbane,subway-builder-modded-admin,Subway Builder Modded,https://subwaybuildermodded.com,274,274,snapshot_2026_09_09.json
180,map,genoa,Genoa,Maximilian284,max02,https://github.com/Maximilian284,264,264,snapshot_2026_09_09.json
181,map,puebla,Puebla,rslurry,slurry,https://github.com/rslurry,263,263,snapshot_2026_09_09.json
182,map,mfn-msy,New Orleans,crumpetime,muffintime,https://github.com/crumpetime,261,261,snapshot_2026_09_09.json
183,map,spokane,Spokane,ryandicicco,ryandicicco,https://github.com/ryandicicco,257,257,snapshot_2026_09_09.json
184,map,memphis,Memphis,rslurry,slurry,https://github.com/rslurry,254,254,snapshot_2026_09_09.json
185,mod,intercity-hsr-trains,"Intercity, HSR & Express Metro Trains",danielloong714,danielloong714,https://github.com/danielloong714,249,249,snapshot_2026_09_09.json
186,map,pianura-veneta,Pianura Veneta,Maximilian284,max02,https://github.com/Maximilian284,248,248,snapshot_2026_09_09.json
187,mod,resizable-ui,Resizable UI,Tesarzh,Tesarzh,https://github.com/Tesarzh,247,247,snapshot_2026_09_09.json
188,map,rochester,Rochester,rslurry,slurry,https://github.com/rslurry,247,247,snapshot_2026_09_09.json
189,mod,basedgoat-trains,BasedGoat Trains,arniber21,arniber21,https://github.com/arniber21,245,245,snapshot_2026_09_09.json
190,map,ciudad-juarez-el-paso,Ciudad Juárez-El Paso,rslurry,slurry,https://github.com/rslurry,242,242,snapshot_2026_09_09.json
191,map,santa-barbara,Santa Barbara,rslurry,slurry,https://github.com/rslurry,242,242,snapshot_2026_09_09.json
192,map,providence,Providence,soccerjonj,soccerjonj,https://github.com/soccerjonj,241,241,snapshot_2026_09_09.json
193,map,yukina-tw-chiayi,嘉義 (Chiayi),ahkimn,Yukina-,https://subwaybuildermodded.com/credits,241,241,snapshot_2026_09_09.json
194,map,strasbourg,Strasbourg,pierreggt,pierreggt,https://github.com/pierreggt,240,240,snapshot_2026_09_09.json
195,map,yukina-morioka,盛岡 (Morioka),ahkimn,Yukina-,https://subwaybuildermodded.com/credits,238,238,snapshot_2026_09_09.json
196,map,incheon-3,Incheon (30km×30km),kimth9,kimth9,https://github.com/kimth9,237,237,snapshot_2026_09_09.json
197,map,lille,Lille - Flandre & Hainaut,pierreggt,pierreggt,https://github.com/pierreggt,237,237,snapshot_2026_09_09.json
198,map,sacramento,Sacramento,soccerjonj,soccerjonj,https://github.com/soccerjonj,236,236,snapshot_2026_09_09.json
199,map,yukina-cz-liberec-jablonec,Liberec - Jablonec nad Nisou,ahkimn,Yukina-,https://subwaybuildermodded.com/credits,236,236,snapshot_2026_09_09.json
200,map,anchorage-ak,Anchorage,PSWBSF,Potato Spaghetti Water Balloon Space Federation,https://youtu.be/dQw4w9WgXcQ?t=0,231,231,snapshot_2026_09_09.json
201,map,yukina-cz-ceske-budejovice,České Budějovice,ahkimn,Yukina-,https://subwaybuildermodded.com/credits,231,231,snapshot_2026_09_09.json
202,map,albany,Albany,soccerjonj,soccerjonj,https://github.com/soccerjonj,230,230,snapshot_2026_09_09.json
203,map,nashville,Nashville,soccerjonj,soccerjonj,https://github.com/soccerjonj,227,227,snapshot_2026_09_09.json
204,map,bordeaux-arcachon-libourne,Bordeaux,pierreggt,pierreggt,https://github.com/pierreggt,225,225,snapshot_2026_09_09.json
205,map,greater-baltimore,Greater Baltimore,rslurry,slurry,https://github.com/rslurry,225,225,snapshot_2026_09_09.json
206,mod,pause-on-start,Pause On Start,rslurry,slurry,https://github.com/rslurry,225,225,snapshot_2026_09_09.json
207,map,yukina-pl-lublin,Lublin,ahkimn,Yukina-,https://subwaybuildermodded.com/credits,224,224,snapshot_2026_09_09.json
208,map,orange-county,Orange County,rslurry,slurry,https://github.com/rslurry,223,223,snapshot_2026_09_09.json
209,map,yukina-tottori,鳥取 (Tottori),ahkimn,Yukina-,https://subwaybuildermodded.com/credits,222,222,snapshot_2026_09_09.json
210,map,tromso-no,Tromsø,rslurry,slurry,https://github.com/rslurry,220,220,snapshot_2026_09_09.json
211,map,bologna,Bologna,Maximilian284,max02,https://github.com/Maximilian284,215,215,snapshot_2026_09_09.json
212,mod,penguin-approved-rolling-stock,Penguin-Approved Rolling Stock,prodigious-penguin,prodigious-penguin,https://github.com/prodigious-penguin,213,213,snapshot_2026_09_09.json
213,map,sejong-4,Sejong (40km×40km),kimth9,kimth9,https://github.com/kimth9,213,213,snapshot_2026_09_09.json
214,mod,tathan-casino,TATHAN Casino,TathanDev,TathanDev,https://github.com/TathanDev,212,212,snapshot_2026_09_09.json
215,map,trondheim-val,Trondheim,Valdotorium,Valdotorium,https://github.com/Valdotorium,210,210,snapshot_2026_09_09.json
216,map,au-perth,Perth,subway-builder-modded-admin,Subway Builder Modded,https://subwaybuildermodded.com,208,208,snapshot_2026_09_09.json
217,map,nice-cote-d-azur,Nice,pierreggt,pierreggt,https://github.com/pierreggt,206,206,snapshot_2026_09_09.json
218,map,daegu-3,Daegu (30km×30km),kimth9,kimth9,https://github.com/kimth9,203,203,snapshot_2026_09_09.json
219,mod,copy-paste,Copy Paste,seanyushoumori,seanyushoumori,https://github.com/seanyushoumori,201,201,snapshot_2026_09_09.json
220,map,yukina-pl-bialystok,Białystok,ahkimn,Yukina-,https://subwaybuildermodded.com/credits,200,200,snapshot_2026_09_09.json
221,map,yukina-ee-parnu,Pärnu,ahkimn,Yukina-,https://subwaybuildermodded.com/credits,199,199,snapshot_2026_09_09.json
222,map,tri-cities,Tri-Cities,ryandicicco,ryandicicco,https://github.com/ryandicicco,198,198,snapshot_2026_09_09.json
223,map,jeju-3,Jeju (30km×30km),kimth9,kimth9,https://github.com/kimth9,197,197,snapshot_2026_09_09.json
224,map,yukina-cz-karlovy-vary,Karlovy Vary,ahkimn,Yukina-,https://subwaybuildermodded.com/credits,197,197,snapshot_2026_09_09.json
225,map,au-adelaide,Adelaide,subway-builder-modded-admin,Subway Builder Modded,https://subwaybuildermodded.com,196,196,snapshot_2026_09_09.json
226,map,toulouse,Toulouse,pierreggt,pierreggt,https://github.com/pierreggt,193,193,snapshot_2026_09_09.json
227,map,connecticut-usa,Connecticut,PSWBSF,Potato Spaghetti Water Balloon Space Federation,https://youtu.be/dQw4w9WgXcQ?t=0,191,191,snapshot_2026_09_09.json
228,map,ulsan-4,Ulsan (40km×40km),kimth9,kimth9,https://github.com/kimth9,191,191,snapshot_2026_09_09.json
229,map,buffalo-ny,Buffalo,PSWBSF,Potato Spaghetti Water Balloon Space Federation,https://youtu.be/dQw4w9WgXcQ?t=0,189,189,snapshot_2026_09_09.json
230,map,bari,Bari,Maximilian284,max02,https://github.com/Maximilian284,188,188,snapshot_2026_09_09.json
231,map,colorado-ski-country,Colorado Ski Country,soccerjonj,soccerjonj,https://github.com/soccerjonj,188,188,snapshot_2026_09_09.json
232,map,waterloo,Region of Waterloo,Kronifer,Kronifer,https://github.com/Kronifer,188,188,snapshot_2026_09_09.json
233,map,trondheim-no,Trondheim,rslurry,slurry,https://github.com/rslurry,187,187,snapshot_2026_09_09.json
234,map,yukina-ua-lviv,Львів / Lviv,ahkimn,Yukina-,https://subwaybuildermodded.com/credits,185,185,snapshot_2026_09_09.json
235,map,garda-lake,Garda Lake,Maximilian284,max02,https://github.com/Maximilian284,184,184,snapshot_2026_09_09.json
236,map,louisville,Louisville,soccerjonj,soccerjonj,https://github.com/soccerjonj,183,183,snapshot_2026_09_09.json
237,map,rhein-main-neckar,Frankfurt (Rhein-Main-Neckar),pierreggt,pierreggt,https://github.com/pierreggt,183,183,snapshot_2026_09_09.json
238,map,yukina-ua-odesa,Одеса / Odesa,ahkimn,Yukina-,https://subwaybuildermodded.com/credits,180,180,snapshot_2026_09_09.json
239,map,yukina-lt-klaipeda,Klaipėda,ahkimn,Yukina-,https://subwaybuildermodded.com/credits,179,179,snapshot_2026_09_09.json
240,map,nz-wellington,Wellington,subway-builder-modded-admin,Subway Builder Modded,https://subwaybuildermodded.com,177,177,snapshot_2026_09_09.json
241,map,yukina-cz-zlin,Zlín,ahkimn,Yukina-,https://subwaybuildermodded.com/credits,177,177,snapshot_2026_09_09.json
242,map,yukina-cz-jihlava,Jihlava,ahkimn,Yukina-,https://subwaybuildermodded.com/credits,176,176,snapshot_2026_09_09.json
243,map,yukina-ua-kharkiv,Харків / Kharkiv,ahkimn,Yukina-,https://subwaybuildermodded.com/credits,176,176,snapshot_2026_09_09.json
244,map,catania,Catania,Maximilian284,max02,https://github.com/Maximilian284,174,174,snapshot_2026_09_09.json
245,mod,madrid-transit-pack,Madrid Transit Pack,xoaninc,xoaninc,https://github.com/xoaninc,174,174,snapshot_2026_09_09.json
246,map,sofia-bulgaria,Sofia,giannons46,giannons46,https://github.com/giannons46,173,173,snapshot_2026_09_09.json
247,map,rennes,Rennes,pierreggt,pierreggt,https://github.com/pierreggt,172,172,snapshot_2026_09_09.json
248,map,jeju-f,Jeju (Full Island),kimth9,kimth9,https://github.com/kimth9,171,171,snapshot_2026_09_09.json
249,map,palermo,Palermo,Maximilian284,max02,https://github.com/Maximilian284,171,171,snapshot_2026_09_09.json
250,map,nantes,Nantes,pierreggt,pierreggt,https://github.com/pierreggt,167,167,snapshot_2026_09_09.json
251,map,yukina-sk-bratislava,Bratislava,ahkimn,Yukina-,https://subwaybuildermodded.com/credits,164,164,snapshot_2026_09_09.json
252,map,saltillo,Saltillo,rslurry,slurry,https://github.com/rslurry,163,163,snapshot_2026_09_09.json
253,map,yukina-lv-daugavpils,Daugavpils,ahkimn,Yukina-,https://subwaybuildermodded.com/credits,162,162,snapshot_2026_09_09.json
254,map,yukina-pl-rzeszow,Rzeszów,ahkimn,Yukina-,https://subwaybuildermodded.com/credits,162,162,snapshot_2026_09_09.json
255,map,yukina-ee-tartu,Tartu,ahkimn,Yukina-,https://subwaybuildermodded.com/credits,160,160,snapshot_2026_09_09.json
256,map,au-canberra,Canberra,subway-builder-modded-admin,Subway Builder Modded,https://subwaybuildermodded.com,159,159,snapshot_2026_09_09.json
257,map,mfn-northwestar,Northwest Arkansas,crumpetime,muffintime,https://github.com/crumpetime,158,158,snapshot_2026_09_09.json
258,map,pyongyang-nk,Pyongyang,PSWBSF,Potato Spaghetti Water Balloon Space Federation,https://youtu.be/dQw4w9WgXcQ?t=0,158,158,snapshot_2026_09_09.json
259,map,hamburg,Hamburg,pierreggt,pierreggt,https://github.com/pierreggt,157,157,snapshot_2026_09_09.json
260,map,yukina-ua-dnipro,Дніпро / Dnipro,ahkimn,Yukina-,https://subwaybuildermodded.com/credits,157,157,snapshot_2026_09_09.json
261,map,willamette-valley,"Willamette Valley, OR",Phineapoo,Phineapoo,https://github.com/Phineapoo,156,156,snapshot_2026_09_09.json
262,map,yukina-pl-kielce,Kielce,ahkimn,Yukina-,https://subwaybuildermodded.com/credits,153,153,snapshot_2026_09_09.json
263,map,muenchen,München,pierreggt,pierreggt,https://github.com/pierreggt,152,152,snapshot_2026_09_09.json
264,map,charleston-sc,"Charleston, SC",PSWBSF,Potato Spaghetti Water Balloon Space Federation,https://youtu.be/dQw4w9WgXcQ?t=0,151,151,snapshot_2026_09_09.json
265,map,piedmont-triad,Piedmont Triad,PSWBSF,Potato Spaghetti Water Balloon Space Federation,https://youtu.be/dQw4w9WgXcQ?t=0,151,151,snapshot_2026_09_09.json
266,map,yukina-lt-panevezys,Panevėžys,ahkimn,Yukina-,https://subwaybuildermodded.com/credits,151,151,snapshot_2026_09_09.json
267,map,yukina-lt-siauliai,Šiauliai,ahkimn,Yukina-,https://subwaybuildermodded.com/credits,150,150,snapshot_2026_09_09.json
268,map,sejong-3,Sejong (30km×30km),kimth9,kimth9,https://github.com/kimth9,148,148,snapshot_2026_09_09.json
269,map,palma-de-mallorca,Palma de Mallorca,Maximilian284,max02,https://github.com/Maximilian284,146,146,snapshot_2026_09_09.json
270,map,mississippi,Mississippi,JayToTheAy,JayToTheAy,https://github.com/JayToTheAy,145,145,snapshot_2026_09_09.json
271,map,amba,Buenos Aires,hernang87,hernang87,https://github.com/hernang87,143,143,snapshot_2026_09_09.json
272,map,sevilla,Sevilla,Maximilian284,max02,https://github.com/Maximilian284,143,143,snapshot_2026_09_09.json
273,map,mfn-rdu,Raleigh,crumpetime,muffintime,https://github.com/crumpetime,142,142,snapshot_2026_09_09.json
274,map,ankara,Ankara,pierreggt,pierreggt,https://github.com/pierreggt,140,140,snapshot_2026_09_09.json
275,map,yukina-ee-ida-viru,Ida-Viru,ahkimn,Yukina-,https://subwaybuildermodded.com/credits,139,139,snapshot_2026_09_09.json
276,map,knoxville,Knoxville,rslurry,slurry,https://github.com/rslurry,137,137,snapshot_2026_09_09.json
277,map,wilmington-nc,"Wilmington, NC",PSWBSF,Potato Spaghetti Water Balloon Space Federation,https://youtu.be/dQw4w9WgXcQ?t=0,137,137,snapshot_2026_09_09.json
278,map,ruhrgebiet,Ruhrgebiet,pierreggt,pierreggt,https://github.com/pierreggt,136,136,snapshot_2026_09_09.json
279,mod,hide-and-seek,Hide+Seek: The Mod [beta],nzh0172,naz,https://github.com/nzh0172,135,135,snapshot_2026_09_09.json
280,map,nz-christchurch,Christchurch,subway-builder-modded-admin,Subway Builder Modded,https://subwaybuildermodded.com,131,131,snapshot_2026_09_09.json
281,map,yukina-lv-liepaja,Liepāja,ahkimn,Yukina-,https://subwaybuildermodded.com/credits,131,131,snapshot_2026_09_09.json
282,map,yukina-tw-southern-taiwan,南臺灣 (Southern Taiwan),ahkimn,Yukina-,https://subwaybuildermodded.com/credits,131,131,snapshot_2026_09_09.json
283,map,brussels,Brussels,lexenygma,lexenygma,https://github.com/lexenygma,130,130,snapshot_2026_09_09.json
284,map,bonn-koeln,Bonn-Köln,pierreggt,pierreggt,https://github.com/pierreggt,128,128,snapshot_2026_09_09.json
285,map,daegu-4,Daegu (40km×40km),kimth9,kimth9,https://github.com/kimth9,125,125,snapshot_2026_09_09.json
286,map,yukina-pl-olsztyn,Olsztyn,ahkimn,Yukina-,https://subwaybuildermodded.com/credits,123,123,snapshot_2026_09_09.json
287,map,dayton-oh,Dayton,PSWBSF,Potato Spaghetti Water Balloon Space Federation,https://youtu.be/dQw4w9WgXcQ?t=0,118,118,snapshot_2026_09_09.json
288,map,pulau-pinang,Pulau Pinang,nzh0172,naz,https://github.com/nzh0172,116,116,snapshot_2026_09_09.json
289,map,yukina-pl-zielona-gora,Zielona Góra,ahkimn,Yukina-,https://subwaybuildermodded.com/credits,113,113,snapshot_2026_09_09.json
290,mod,anysave,AnySave,BarKuperman,BarKuperman,https://github.com/BarKuperman,112,112,snapshot_2026_09_09.json
291,map,pianura-emiliana,Pianura Emiliana,Maximilian284,max02,https://github.com/Maximilian284,112,112,snapshot_2026_09_09.json
292,map,baghdad,Baghdad,pierreggt,pierreggt,https://github.com/pierreggt,111,111,snapshot_2026_09_09.json
293,map,montpellier-mediterranee,Montpellier,pierreggt,pierreggt,https://github.com/pierreggt,111,111,snapshot_2026_09_09.json
294,map,yukina-pl-radom,Radom,ahkimn,Yukina-,https://subwaybuildermodded.com/credits,111,111,snapshot_2026_09_09.json
295,map,mexicali,Mexicali-Imperial Valley-Yuma,rslurry,slurry,https://github.com/rslurry,108,108,snapshot_2026_09_09.json
296,map,yukina-pl-opole,Opole,ahkimn,Yukina-,https://subwaybuildermodded.com/credits,108,108,snapshot_2026_09_09.json
297,map,yukina-pl-czestochowa,Częstochowa,ahkimn,Yukina-,https://subwaybuildermodded.com/credits,106,106,snapshot_2026_09_09.json
298,map,yukina-fuji-numazu,富士・沼津 (Fuji & Numazu),ahkimn,Yukina-,https://subwaybuildermodded.com/credits,105,105,snapshot_2026_09_09.json
299,map,syracuse-ny,"Syracuse, NY",PSWBSF,Potato Spaghetti Water Balloon Space Federation,https://youtu.be/dQw4w9WgXcQ?t=0,104,104,snapshot_2026_09_09.json
300,map,yukina-pl-central-pomerania,Pomorze Środkowe,ahkimn,Yukina-,https://subwaybuildermodded.com/credits,104,104,snapshot_2026_09_09.json
301,map,yukina-ua-kryvyi-rih,Кривий Ріг / Kryvyi Rih,ahkimn,Yukina-,https://subwaybuildermodded.com/credits,103,103,snapshot_2026_09_09.json
302,map,riviera-romagnola,Riviera Romagnola,Maximilian284,max02,https://github.com/Maximilian284,101,101,snapshot_2026_09_09.json
303,map,grand-geneve,Grand Genève,pierreggt,pierreggt,https://github.com/pierreggt,100,100,snapshot_2026_09_09.json
304,map,yukina-ua-zaporizhzhia,Запоріжжя / Zaporizhzhia,ahkimn,Yukina-,https://subwaybuildermodded.com/credits,98,98,snapshot_2026_09_09.json
305,map,ile-de-france,Paris (IDF),JcPires,JcPires,https://github.com/JcPires,94,94,snapshot_2026_09_09.json
306,map,alicante,Alicante,Maximilian284,max02,https://github.com/Maximilian284,93,93,snapshot_2026_09_09.json
307,map,yukina-kanazawa,金沢 (Kanazawa),ahkimn,Yukina-,https://subwaybuildermodded.com/credits,92,92,snapshot_2026_09_09.json
308,map,antalya,Antalya,pierreggt,pierreggt,https://github.com/pierreggt,91,91,snapshot_2026_09_09.json
309,map,toledo-oh,Toledo,bean1322,bean1322,https://github.com/bean1322,91,91,snapshot_2026_09_09.json
310,map,akron-oh,"Akron, OH",bean1322,bean1322,https://github.com/bean1322,90,90,snapshot_2026_09_09.json
311,map,yukina-pl-legnica,Legnica - LGOM,ahkimn,Yukina-,https://subwaybuildermodded.com/credits,90,90,snapshot_2026_09_09.json
312,map,damascus,Damascus,pierreggt,pierreggt,https://github.com/pierreggt,88,88,snapshot_2026_09_09.json
313,map,yukina-akita,秋田 (Akita),ahkimn,Yukina-,https://subwaybuildermodded.com/credits,87,87,snapshot_2026_09_09.json
314,map,yukina-maebashi,前橋 (Maebashi),ahkimn,Yukina-,https://subwaybuildermodded.com/credits,87,87,snapshot_2026_09_09.json
315,map,daejeon-3,Daejeon (30km×30km),kimth9,kimth9,https://github.com/kimth9,86,86,snapshot_2026_09_09.json
316,map,yukina-pl-plock-wloclawek,Płock - Włocławek,ahkimn,Yukina-,https://subwaybuildermodded.com/credits,85,85,snapshot_2026_09_09.json
317,map,daejeon-4,Daejeon (40km×40km),kimth9,kimth9,https://github.com/kimth9,83,83,snapshot_2026_09_09.json
318,map,johor-bahru,Johor Bahru,nzh0172,naz,https://github.com/nzh0172,83,83,snapshot_2026_09_09.json
319,map,ulsan-3,Ulsan (30km×30km),kimth9,kimth9,https://github.com/kimth9,83,83,snapshot_2026_09_09.json
320,map,eurodistrict-bale,Eurodistrict of Basel,pierreggt,pierreggt,https://github.com/pierreggt,82,82,snapshot_2026_09_09.json
321,map,kristiansand-no,Kristiansand,rslurry,slurry,https://github.com/rslurry,82,82,snapshot_2026_09_09.json
322,mod,noah-great-society,Great Society Metro Train,NoahGarrf,NoahGarrf,https://github.com/NoahGarrf,81,81,snapshot_2026_09_09.json
323,map,yukina-utsunomiya,宇都宮 (Utsunomiya),ahkimn,Yukina-,https://subwaybuildermodded.com/credits,80,80,snapshot_2026_09_09.json
324,map,gwangju-4,Gwangju (40km×40km),kimth9,kimth9,https://github.com/kimth9,78,78,snapshot_2026_09_09.json
325,map,yukina-nagano,長野 (Nagano),ahkimn,Yukina-,https://subwaybuildermodded.com/credits,78,78,snapshot_2026_09_09.json
326,map,mfn-rsw,Fort Myers,crumpetime,muffintime,https://github.com/crumpetime,74,74,snapshot_2026_09_09.json
327,map,yukina-fukui,福井 (Fukui),ahkimn,Yukina-,https://subwaybuildermodded.com/credits,73,73,snapshot_2026_09_09.json
328,map,xiamen,Xiamen,Kronifer,Kronifer,https://github.com/Kronifer,71,71,snapshot_2026_09_09.json
329,map,yukina-matsumoto,松本 (Matsumoto),ahkimn,Yukina-,https://subwaybuildermodded.com/credits,71,71,snapshot_2026_09_09.json
330,map,yukina-tokushima,徳島 (Tokushima),ahkimn,Yukina-,https://subwaybuildermodded.com/credits,71,71,snapshot_2026_09_09.json
331,map,tehran,Tehran,pierreggt,pierreggt,https://github.com/pierreggt,70,70,snapshot_2026_09_09.json
332,map,yukina-fukuyama,福山 (Fukuyama),ahkimn,Yukina-,https://subwaybuildermodded.com/credits,70,70,snapshot_2026_09_09.json
333,map,yukina-mito-hitachi,水戸・日立 (Mito & Hitachi),ahkimn,Yukina-,https://subwaybuildermodded.com/credits,70,70,snapshot_2026_09_09.json
334,map,yukina-oita,大分 (Ōita),ahkimn,Yukina-,https://subwaybuildermodded.com/credits,70,70,snapshot_2026_09_09.json
335,map,yukina-wakayama,和歌山 (Wakayama),ahkimn,Yukina-,https://subwaybuildermodded.com/credits,70,70,snapshot_2026_09_09.json
336,map,cusco,Cusco,kaicardenas0618,kaicardenas0618,https://github.com/kaicardenas0618,68,68,snapshot_2026_09_09.json
337,map,yukina-kofu,甲府 (Kōfu),ahkimn,Yukina-,https://subwaybuildermodded.com/credits,68,68,snapshot_2026_09_09.json
338,map,yukina-yamaguchi,山口 (Yamaguchi),ahkimn,Yukina-,https://subwaybuildermodded.com/credits,68,68,snapshot_2026_09_09.json
339,map,stuttgart,Stuttgart,pierreggt,pierreggt,https://github.com/pierreggt,67,67,snapshot_2026_09_09.json
340,map,yukina-hachinohe,八戸 (Hachinohe),ahkimn,Yukina-,https://subwaybuildermodded.com/credits,67,67,snapshot_2026_09_09.json
341,map,yukina-miyazaki,宮崎 (Miyazaki),ahkimn,Yukina-,https://subwaybuildermodded.com/credits,67,67,snapshot_2026_09_09.json
342,map,arequipa,Arequipa,kaicardenas0618,kaicardenas0618,https://github.com/kaicardenas0618,66,66,snapshot_2026_09_09.json
343,map,yukina-tw-hualien-taitung,花蓮・臺東 (Hualien & Taitung),ahkimn,Yukina-,https://subwaybuildermodded.com/credits,63,63,snapshot_2026_09_09.json
344,map,dresden,Dresden,pierreggt,pierreggt,https://github.com/pierreggt,61,61,snapshot_2026_09_09.json
345,map,gwangju-3,Gwangju (30km×30km),kimth9,kimth9,https://github.com/kimth9,60,60,snapshot_2026_09_09.json
346,map,abu-dhabi,Abu Dhabi,pierreggt,pierreggt,https://github.com/pierreggt,59,59,snapshot_2026_09_09.json
347,map,yukina-tw-yilan,宜蘭 (Yilan),ahkimn,Yukina-,https://subwaybuildermodded.com/credits,58,58,snapshot_2026_09_09.json
348,map,riyadh,Riyadh,pierreggt,pierreggt,https://github.com/pierreggt,54,54,snapshot_2026_09_09.json
349,map,beirut,Beirut,pierreggt,pierreggt,https://github.com/pierreggt,51,51,snapshot_2026_09_09.json
350,map,springfield-il,"Springfield, IL",NerdieSanders,NerdieSanders,https://github.com/NerdieSanders,50,50,snapshot_2026_09_09.json
351,map,arc-mediterraneen,L'Arc Méditerranéen,pierreggt,pierreggt,https://github.com/pierreggt,49,49,snapshot_2026_09_09.json
352,map,alexandria,Alexandria,pierreggt,pierreggt,https://github.com/pierreggt,48,48,snapshot_2026_09_09.json
353,map,augsburg,Augsburg,pierreggt,pierreggt,https://github.com/pierreggt,48,48,snapshot_2026_09_09.json
354,map,chiclayo,Chiclayo,kaicardenas0618,kaicardenas0618,https://github.com/kaicardenas0618,48,48,snapshot_2026_09_09.json
355,map,jeju-4,Jeju (40km×40km),kimth9,kimth9,https://github.com/kimth9,48,48,snapshot_2026_09_09.json
356,map,nuernberg,Nürnberg,pierreggt,pierreggt,https://github.com/pierreggt,48,48,snapshot_2026_09_09.json
357,map,piura,Piura,kaicardenas0618,kaicardenas0618,https://github.com/kaicardenas0618,48,48,snapshot_2026_09_09.json
358,map,trujillo,Trujillo,kaicardenas0618,kaicardenas0618,https://github.com/kaicardenas0618,48,48,snapshot_2026_09_09.json
359,map,aachen,Aachen,pierreggt,pierreggt,https://github.com/pierreggt,47,47,snapshot_2026_09_09.json
360,map,corse,Corse,pierreggt,pierreggt,https://github.com/pierreggt,47,47,snapshot_2026_09_09.json
361,map,bremen,Bremen,pierreggt,pierreggt,https://github.com/pierreggt,46,46,snapshot_2026_09_09.json
362,map,jeddah-mecca,Jeddah & Mecca,pierreggt,pierreggt,https://github.com/pierreggt,46,46,snapshot_2026_09_09.json
363,map,chimbote,Chimbote,kaicardenas0618,kaicardenas0618,https://github.com/kaicardenas0618,45,45,snapshot_2026_09_09.json
364,map,iquitos,Iquitos,kaicardenas0618,kaicardenas0618,https://github.com/kaicardenas0618,45,45,snapshot_2026_09_09.json
365,map,pays-basque,Euskal Herria,pierreggt,pierreggt,https://github.com/pierreggt,44,44,snapshot_2026_09_09.json
366,map,reunion,La Réunion,pierreggt,pierreggt,https://github.com/pierreggt,44,44,snapshot_2026_09_09.json
367,map,hannover-braunschweig,Hannover-Braunschweig,pierreggt,pierreggt,https://github.com/pierreggt,43,43,snapshot_2026_09_09.json
368,map,huancayo-jauja,Huancayo/Jauja,kaicardenas0618,kaicardenas0618,https://github.com/kaicardenas0618,43,43,snapshot_2026_09_09.json
369,map,doha,Doha,pierreggt,pierreggt,https://github.com/pierreggt,42,42,snapshot_2026_09_09.json
370,map,kiel,Kiel,pierreggt,pierreggt,https://github.com/pierreggt,42,42,snapshot_2026_09_09.json
371,map,yukina-sk-kosice-presov,Košice - Prešov,ahkimn,Yukina-,https://subwaybuildermodded.com/credits,42,42,snapshot_2026_09_09.json
372,map,bielefeld,Bielefeld,pierreggt,pierreggt,https://github.com/pierreggt,40,40,snapshot_2026_09_09.json
373,map,freiburg,Freiburg im Breisgau,pierreggt,pierreggt,https://github.com/pierreggt,38,38,snapshot_2026_09_09.json
374,map,erfurt,Erfurt,pierreggt,pierreggt,https://github.com/pierreggt,37,37,snapshot_2026_09_09.json
375,map,yukina-sk-banska-bystrica,Banská Bystrica,ahkimn,Yukina-,https://subwaybuildermodded.com/credits,35,35,snapshot_2026_09_09.json
376,mod,imb11-subwaycine,SubwayCine,IMB11,IMB11,https://github.com/IMB11,33,33,snapshot_2026_09_09.json
377,map,magdeburg,Magdeburg,pierreggt,pierreggt,https://github.com/pierreggt,32,32,snapshot_2026_09_09.json
378,map,muscat,Muscat,pierreggt,pierreggt,https://github.com/pierreggt,32,32,snapshot_2026_09_09.json
379,map,luebeck,Lübeck,pierreggt,pierreggt,https://github.com/pierreggt,30,30,snapshot_2026_09_09.json
380,map,chemnitz,Chemnitz,pierreggt,pierreggt,https://github.com/pierreggt,29,29,snapshot_2026_09_09.json
381,map,kuwait-city,Kuwait City,pierreggt,pierreggt,https://github.com/pierreggt,29,29,snapshot_2026_09_09.json
382,mod,la-metro-trainpack,LA Metro Trainpack,NoahGarrf,NoahGarrf,https://github.com/NoahGarrf,29,29,snapshot_2026_09_09.json
383,map,metz-nancy,Metz - Nancy,pierreggt,pierreggt,https://github.com/pierreggt,29,29,snapshot_2026_09_09.json
384,map,martinique,Martinique,pierreggt,pierreggt,https://github.com/pierreggt,28,28,snapshot_2026_09_09.json
385,map,yukina-sk-nitra,Nitra,ahkimn,Yukina-,https://subwaybuildermodded.com/credits,28,28,snapshot_2026_09_09.json
386,map,guadeloupe,Guadeloupe,pierreggt,pierreggt,https://github.com/pierreggt,27,27,snapshot_2026_09_09.json
387,map,ipoh,Ipoh,nzh0172,naz,https://github.com/nzh0172,27,27,snapshot_2026_09_09.json
388,map,yukina-sk-poprad-spisska-nova-ves,Poprad - Spišská Nová Ves,ahkimn,Yukina-,https://subwaybuildermodded.com/credits,27,27,snapshot_2026_09_09.json
389,map,aleppo,Aleppo,pierreggt,pierreggt,https://github.com/pierreggt,26,26,snapshot_2026_09_09.json
390,map,brest,Brest,pierreggt,pierreggt,https://github.com/pierreggt,26,26,snapshot_2026_09_09.json
391,map,moenchengladbach,Mönchengladbach,pierreggt,pierreggt,https://github.com/pierreggt,26,26,snapshot_2026_09_09.json
392,map,yukina-sk-zilina,Žilina,ahkimn,Yukina-,https://subwaybuildermodded.com/credits,25,25,snapshot_2026_09_09.json
393,map,angers,Angers,pierreggt,pierreggt,https://github.com/pierreggt,24,24,snapshot_2026_09_09.json
394,mod,prospector-ghebeek,Prospector,matematysek,matematysek,https://github.com/matematysek,23,23,snapshot_2026_09_09.json
395,map,rouen,Rouen,pierreggt,pierreggt,https://github.com/pierreggt,23,23,snapshot_2026_09_09.json
396,map,orleans,Orléans,pierreggt,pierreggt,https://github.com/pierreggt,22,22,snapshot_2026_09_09.json
397,map,tours,Tours,pierreggt,pierreggt,https://github.com/pierreggt,22,22,snapshot_2026_09_09.json
398,map,caen,Caen,pierreggt,pierreggt,https://github.com/pierreggt,21,21,snapshot_2026_09_09.json
399,map,erbil,Erbil,pierreggt,pierreggt,https://github.com/pierreggt,21,21,snapshot_2026_09_09.json
400,map,guyane,Guyane,pierreggt,pierreggt,https://github.com/pierreggt,21,21,snapshot_2026_09_09.json
401,map,yukina-sk-trencin,Trenčín,ahkimn,Yukina-,https://subwaybuildermodded.com/credits,21,21,snapshot_2026_09_09.json
402,map,besancon,Besançon,pierreggt,pierreggt,https://github.com/pierreggt,20,20,snapshot_2026_09_09.json
403,map,calais-dunkerque,Calais - Dunkerque,pierreggt,pierreggt,https://github.com/pierreggt,20,20,snapshot_2026_09_09.json
404,map,mosul,Mosul,pierreggt,pierreggt,https://github.com/pierreggt,20,20,snapshot_2026_09_09.json
405,map,pau,Pau,pierreggt,pierreggt,https://github.com/pierreggt,20,20,snapshot_2026_09_09.json
406,map,dijon,Dijon,pierreggt,pierreggt,https://github.com/pierreggt,19,19,snapshot_2026_09_09.json
407,map,le-mans,Le Mans,pierreggt,pierreggt,https://github.com/pierreggt,19,19,snapshot_2026_09_09.json
408,map,reims,Reims,pierreggt,pierreggt,https://github.com/pierreggt,19,19,snapshot_2026_09_09.json
409,map,amiens,Amiens,pierreggt,pierreggt,https://github.com/pierreggt,18,18,snapshot_2026_09_09.json
410,map,la-rochelle,La Rochelle,pierreggt,pierreggt,https://github.com/pierreggt,18,18,snapshot_2026_09_09.json
411,map,le-havre,Le Havre,pierreggt,pierreggt,https://github.com/pierreggt,18,18,snapshot_2026_09_09.json
412,map,limoges,Limoges,pierreggt,pierreggt,https://github.com/pierreggt,18,18,snapshot_2026_09_09.json
413,map,mashhad,Mashhad,pierreggt,pierreggt,https://github.com/pierreggt,18,18,snapshot_2026_09_09.json
414,map,troyes,Troyes,pierreggt,pierreggt,https://github.com/pierreggt,15,15,snapshot_2026_09_09.json
415,map,shiraz,Shiraz,pierreggt,pierreggt,https://github.com/pierreggt,14,14,snapshot_2026_09_09.json
416,map,yukina-ua-mykolaiv-kherson,Миколаїв - Херсон / Mykolaiv & Kherson,ahkimn,Yukina-,https://subwaybuildermodded.com/credits,8,8,snapshot_2026_09_09.json
417,map,yukina-ua-rivne-lutsk,Рівне - Луцьк / Rivne & Lutsk,ahkimn,Yukina-,https://subwaybuildermodded.com/credits,8,8,snapshot_2026_09_09.json
418,map,yukina-ua-uzhhorod-mukachevo,Закарпаття / Transcarpathia,ahkimn,Yukina-,https://subwaybuildermodded.com/credits,7,7,snapshot_2026_09_09.json
419,map,yukina-ua-kremenchuk,Кременчук / Kremenchuk,ahkimn,Yukina-,https://subwaybuildermodded.com/credits,6,6,snapshot_2026_09_09.json
420,map,yukina-ua-sumy,Суми / Sumy,ahkimn,Yukina-,https://subwaybuildermodded.com/credits,6,6,snapshot_2026_09_09.json
421,map,yukina-ua-vinnytsia,Вінниця / Vinnytsia,ahkimn,Yukina-,https://subwaybuildermodded.com/credits,6,6,snapshot_2026_09_09.json
422,map,yukina-ua-zhytomyr,Житомир / Zhytomyr,ahkimn,Yukina-,https://subwaybuildermodded.com/credits,5,5,snapshot_2026_09_09.json
423,map,yukina-ua-cherkasy,Черкаси / Cherkasy,ahkimn,Yukina-,https://subwaybuildermodded.com/credits,4,4,snapshot_2026_09_09.json
424,map,yukina-ua-chernihiv,Чернігів / Chernihiv,ahkimn,Yukina-,https://subwaybuildermodded.com/credits,4,4,snapshot_2026_09_09.json
425,map,yukina-ua-chernivtsi,Чернівці / Chernivtsi,ahkimn,Yukina-,https://subwaybuildermodded.com/credits,4,4,snapshot_2026_09_09.json
426,map,yukina-ua-ivano-frankivsk,Івано-Франківськ / Ivano-Frankivsk,ahkimn,Yukina-,https://subwaybuildermodded.com/credits,4,4,snapshot_2026_09_09.json
427,map,yukina-ua-khmelnytskyi,Хмельницький / Khmelnytskyi,ahkimn,Yukina-,https://subwaybuildermodded.com/credits,4,4,snapshot_2026_09_09.json
428,map,yukina-ua-kropyvnytskyi,Кропивницький / Kropyvnytskyi,ahkimn,Yukina-,https://subwaybuildermodded.com/credits,4,4,snapshot_2026_09_09.json
429,map,yukina-ua-poltava,Полтава / Poltava,ahkimn,Yukina-,https://subwaybuildermodded.com/credits,4,4,snapshot_2026_09_09.json
430,map,yukina-ua-ternopil,Тернопіль / Ternopil,ahkimn,Yukina-,https://subwaybuildermodded.com/credits,4,4,snapshot_2026_09_09.json
431,mod,zz-deletion-fixture,Deletion Fixture,subway-builder-modded-admin,Subway Builder Modded,https://subwaybuildermodded.com,0,0,snapshot_2026_09_09.json
432,mod,zz-deprecation-fixture,Deprecation Fixture,subway-builder-modded-admin,Subway Builder Modded,https://subwaybuildermodded.com,0,0,snapshot_2026_09_09.json
