rank,project_key,project_name,author,author_alias,attribution_link,listing_count,download_change,adjusted_download_change,current_total,adjusted_current_total,baseline_total,adjusted_baseline_total,latest_snapshot,baseline_snapshot,map_download_change,adjusted_map_download_change,mod_download_change,adjusted_mod_download_change
1,ahkimn/subwaybuilder-eu-maps,subwaybuilder-eu-maps,ahkimn,Yukina-,https://subwaybuildermodded.com/credits,74,618,618,19414,19414,18796,18796,snapshot_2026_09_10.json,snapshot_2026_09_07.json,618,618,0,0
2,kimth9/sb_korean_map_pack,sb_korean_map_pack,kimth9,kimth9,https://github.com/kimth9,19,387,387,8515,8515,8128,8128,snapshot_2026_09_10.json,snapshot_2026_09_07.json,387,387,0,0
3,ahkimn/subwaybuilder-jp-maps,subwaybuilder-jp-maps,ahkimn,Yukina-,https://subwaybuildermodded.com/credits,48,207,207,22647,22647,22440,22440,snapshot_2026_09_10.json,snapshot_2026_09_07.json,207,207,0,0
4,pierreggt/subwaybuilder-maps-deutschland,subwaybuilder-maps-deutschland,pierreggt,pierreggt,https://github.com/pierreggt,20,145,145,1420,1420,1275,1275,snapshot_2026_09_10.json,snapshot_2026_09_07.json,145,145,0,0
5,devenperez/subway-builder-canadian-maps,subway-builder-canadian-maps,subway-builder-modded-admin,Subway Builder Modded,https://subwaybuildermodded.com,8,102,102,11076,11076,10974,10974,snapshot_2026_09_10.json,snapshot_2026_09_07.json,102,102,0,0
6,rslurry/subwaybuilder-maps,subwaybuilder-maps,rslurry,slurry,https://github.com/rslurry,33,90,90,20006,20006,19916,19916,snapshot_2026_09_10.json,snapshot_2026_09_07.json,90,90,0,0
7,crumpetime/subway_builder_distance_circles,subway_builder_distance_circles,crumpetime,muffintime,https://github.com/crumpetime,1,75,75,8178,8178,8103,8103,snapshot_2026_09_10.json,snapshot_2026_09_07.json,0,0,75,75
8,kaicardenas0618/japanese-trains,japanese-trains,kaicardenas0618,kaicardenas0618,https://github.com/kaicardenas0618,1,71,71,1142,1142,1071,1071,snapshot_2026_09_10.json,snapshot_2026_09_07.json,0,0,71,71
9,barkuperman/subwaybuilder-au-nz-maps,subwaybuilder-au-nz-maps,subway-builder-modded-admin,Subway Builder Modded,https://subwaybuildermodded.com,9,62,62,2451,2451,2389,2389,snapshot_2026_09_10.json,snapshot_2026_09_07.json,62,62,0,0
10,martig7/improved-schematics,Improved-Schematics,martig7,martig7,https://github.com/martig7,1,61,61,6015,6015,5954,5954,snapshot_2026_09_10.json,snapshot_2026_09_07.json,0,0,61,61
11,barkuperman/transit-overlay-subway-builder-mod,transit-overlay-subway-builder-mod,BarKuperman,BarKuperman,https://github.com/BarKuperman,1,60,60,5437,5437,5377,5377,snapshot_2026_09_10.json,snapshot_2026_09_07.json,0,0,60,60
12,danield1909/dantrains-abridged,dantrains-abridged,DanielD1909,DanielD1909,https://github.com/DanielD1909,1,58,58,849,849,791,791,snapshot_2026_09_10.json,snapshot_2026_09_07.json,0,0,58,58
13,maximilian284/subwaybuilder-es-maps,subwaybuilder-es-maps,Maximilian284,max02,https://github.com/Maximilian284,7,54,54,4875,4875,4821,4821,snapshot_2026_09_10.json,snapshot_2026_09_07.json,54,54,0,0
14,martig7/induced-demand,Induced-Demand,martig7,martig7,https://github.com/martig7,1,54,54,4138,4138,4084,4084,snapshot_2026_09_10.json,snapshot_2026_09_07.json,0,0,54,54
15,pierreggt/subwaybuilder-maps-france,subwaybuilder-maps-france,pierreggt,pierreggt,https://github.com/pierreggt,35,54,54,4042,4042,3988,3988,snapshot_2026_09_10.json,snapshot_2026_09_07.json,54,54,0,0
16,valdotorium/railyard-maps-2,Railyard-Maps-2,Valdotorium,Valdotorium,https://github.com/Valdotorium,4,50,50,5223,5223,5173,5173,snapshot_2026_09_10.json,snapshot_2026_09_07.json,50,50,0,0
17,ahkimn/subwaybuilder-tw-maps,subwaybuilder-tw-maps,ahkimn,Yukina-,https://subwaybuildermodded.com/credits,9,50,50,4606,4606,4556,4556,snapshot_2026_09_10.json,snapshot_2026_09_07.json,50,50,0,0
18,kronifer/sb-chinese-maps,sb-chinese-maps,Kronifer,Kronifer,https://github.com/Kronifer,6,48,48,6442,6442,6394,6394,snapshot_2026_09_10.json,snapshot_2026_09_07.json,48,48,0,0
19,maximilian284/subwaybuilder-it-maps,subwaybuilder-it-maps,Maximilian284,max02,https://github.com/Maximilian284,14,47,47,4874,4874,4827,4827,snapshot_2026_09_10.json,snapshot_2026_09_07.json,47,47,0,0
20,ahkimn/subwaybuilder-regions,subwaybuilder-regions,ahkimn,Yukina-,https://subwaybuildermodded.com/credits,1,46,46,5363,5363,5317,5317,snapshot_2026_09_10.json,snapshot_2026_09_07.json,0,0,46,46
21,danielloong714/intercity-hsr-trains,intercity-hsr-trains,danielloong714,danielloong714,https://github.com/danielloong714,1,40,40,264,264,224,224,snapshot_2026_09_10.json,snapshot_2026_09_07.json,0,0,40,40
22,pierreggt/subwaybuilder-maps,subwaybuilder-maps,pierreggt,pierreggt,https://github.com/pierreggt,16,39,39,743,743,704,704,snapshot_2026_09_10.json,snapshot_2026_09_07.json,39,39,0,0
23,rexmhall09/subway-builder-performance-mod,Subway-Builder-Performance-Mod,rexmhall09,rexmhall09,https://github.com/rexmhall09,1,38,38,1222,1222,1184,1184,snapshot_2026_09_10.json,snapshot_2026_09_07.json,0,0,38,38
24,valdotorium/network-status,network-status,Valdotorium,Valdotorium,https://github.com/Valdotorium,1,36,36,2919,2919,2883,2883,snapshot_2026_09_10.json,snapshot_2026_09_07.json,0,0,36,36
25,roquerodrigo/subway-builder-auto-lines,subway-builder-auto-lines,roquerodrigo,roquerodrigo,https://github.com/roquerodrigo,1,36,36,1413,1413,1377,1377,snapshot_2026_09_10.json,snapshot_2026_09_07.json,0,0,36,36
26,valdotorium/valdotoriums_trains,Valdotoriums_Trains,Valdotorium,Valdotorium,https://github.com/Valdotorium,1,33,33,3813,3813,3780,3780,snapshot_2026_09_10.json,snapshot_2026_09_07.json,0,0,33,33
27,nzh0172/sb-station-dots,sb-station-dots,nzh0172,naz,https://github.com/nzh0172,1,33,33,3234,3234,3201,3201,snapshot_2026_09_10.json,snapshot_2026_09_07.json,0,0,33,33
28,pendulating/neighborhood-station-names,neighborhood-station-names,pendulating,pendulating,https://github.com/pendulating,1,33,33,2199,2199,2166,2166,snapshot_2026_09_10.json,snapshot_2026_09_07.json,0,0,33,33
29,ryandicicco/subway-builder-maps,Subway-Builder-Maps,ryandicicco,ryandicicco,https://github.com/ryandicicco,7,29,29,4452,4452,4423,4423,snapshot_2026_09_10.json,snapshot_2026_09_07.json,29,29,0,0
30,seanyushoumori/track-anarchy,track-anarchy,seanyushoumori,seanyushoumori,https://github.com/seanyushoumori,1,28,28,1869,1869,1841,1841,snapshot_2026_09_10.json,snapshot_2026_09_07.json,0,0,28,28
31,valdotorium/speed-mod,speed-mod,Valdotorium,Valdotorium,https://github.com/Valdotorium,1,27,27,2548,2548,2521,2521,snapshot_2026_09_10.json,snapshot_2026_09_07.json,0,0,27,27
32,holapapie-png/subwaybuilder-gran-santiago,subwaybuilder-gran-santiago,holapapie-png,holapapie-png,https://github.com/holapapie-png,1,26,26,26,26,0,0,snapshot_2026_09_10.json,snapshot_2026_09_07.json,26,26,0,0
33,barkuperman/orbital-surveyor,orbital-surveyor,BarKuperman,BarKuperman,https://github.com/BarKuperman,1,25,25,2330,2330,2305,2305,snapshot_2026_09_10.json,snapshot_2026_09_07.json,0,0,25,25
34,seanyushoumori/track-visualizer,track-visualizer,seanyushoumori,seanyushoumori,https://github.com/seanyushoumori,1,23,23,2563,2563,2540,2540,snapshot_2026_09_10.json,snapshot_2026_09_07.json,0,0,23,23
35,bobby-047/some-new-trains,Some-new-Trains,Bobby-047,Bobby-047,https://github.com/Bobby-047,1,21,21,3716,3716,3695,3695,snapshot_2026_09_10.json,snapshot_2026_09_07.json,0,0,21,21
36,nzh0172/sb-anymoney,sb-anymoney,nzh0172,naz,https://github.com/nzh0172,1,21,21,2467,2467,2446,2446,snapshot_2026_09_10.json,snapshot_2026_09_07.json,0,0,21,21
37,seanyushoumori/scrollable-dropdowns,scrollable-dropdowns,seanyushoumori,seanyushoumori,https://github.com/seanyushoumori,1,21,21,1726,1726,1705,1705,snapshot_2026_09_10.json,snapshot_2026_09_07.json,0,0,21,21
38,rmerr1/sb-vienna-map,sb-vienna-map,Rmerr1,Rmerr1,https://github.com/Rmerr1,1,21,21,506,506,485,485,snapshot_2026_09_10.json,snapshot_2026_09_07.json,21,21,0,0
39,rslurry/subwaybuilder-missedconnections,subwaybuilder-missedConnections,rslurry,slurry,https://github.com/rslurry,1,20,20,1895,1895,1875,1875,snapshot_2026_09_10.json,snapshot_2026_09_07.json,0,0,20,20
40,holapapie-png/subwaybuilder-chile-central,subwaybuilder-chile-central,holapapie-png,holapapie-png,https://github.com/holapapie-png,1,18,18,18,18,0,0,snapshot_2026_09_10.json,snapshot_2026_09_07.json,18,18,0,0
41,crumpetime/sb-maps-hkg,sb-maps-hkg,crumpetime,muffintime,https://github.com/crumpetime,1,17,17,3051,3051,3034,3034,snapshot_2026_09_10.json,snapshot_2026_09_07.json,17,17,0,0
42,gio1112/subway-builder-citymapper,subway-builder-citymapper,Gio1112,giorgiodabest,https://giorgio.is-a.dev/,1,16,16,2796,2796,2780,2780,snapshot_2026_09_10.json,snapshot_2026_09_07.json,0,0,16,16
43,hsullivan1201/sb-tod,sb-tod,hsullivan1201,hsullivan1201,https://github.com/hsullivan1201,1,14,14,2611,2611,2597,2597,snapshot_2026_09_10.json,snapshot_2026_09_07.json,0,0,14,14
44,willbarouch/subwaybuilder-sydney,subwaybuilder-sydney,WillBarouch,WillBarouch,https://github.com/WillBarouch,1,14,14,1363,1363,1349,1349,snapshot_2026_09_10.json,snapshot_2026_09_07.json,14,14,0,0
45,roquerodrigo/subway-builder-map-markers,subway-builder-map-markers,roquerodrigo,roquerodrigo,https://github.com/roquerodrigo,1,14,14,1169,1169,1155,1155,snapshot_2026_09_10.json,snapshot_2026_09_07.json,0,0,14,14
46,seanyushoumori/train-anarchy,train-anarchy,seanyushoumori,seanyushoumori,https://github.com/seanyushoumori,1,14,14,392,392,378,378,snapshot_2026_09_10.json,snapshot_2026_09_07.json,0,0,14,14
47,kaicardenas0618/lrt-trains,lrt-trains,kaicardenas0618,kaicardenas0618,https://github.com/kaicardenas0618,1,12,12,1134,1134,1122,1122,snapshot_2026_09_10.json,snapshot_2026_09_07.json,0,0,12,12
48,crumpetime/sb-maps-las,sb-maps-las,crumpetime,muffintime,https://github.com/crumpetime,1,12,12,727,727,715,715,snapshot_2026_09_10.json,snapshot_2026_09_07.json,12,12,0,0
49,m4d5hr1mp/sb-mods,SB-Mods,m4d5hr1mp,m4d5hr1mp,https://github.com/m4d5hr1mp,1,12,12,305,305,293,293,snapshot_2026_09_10.json,snapshot_2026_09_07.json,0,0,12,12
50,noahgarrf/great-society-subway-train,Great-Society-Subway-Train,NoahGarrf,NoahGarrf,https://github.com/NoahGarrf,1,12,12,83,83,71,71,snapshot_2026_09_10.json,snapshot_2026_09_07.json,0,0,12,12
51,transitcore/satellite-overview,Satellite-Overview,TransitCore,TransitCore,https://github.com/TransitCore,1,11,11,903,903,892,892,snapshot_2026_09_10.json,snapshot_2026_09_07.json,0,0,11,11
52,pswbsf/charleston-huntington-wv,charleston-huntington-wv,PSWBSF,Potato Spaghetti Water Balloon Space Federation,https://youtu.be/dQw4w9WgXcQ?t=0,1,11,11,293,293,282,282,snapshot_2026_09_10.json,snapshot_2026_09_07.json,11,11,0,0
53,cromstar/subwaybuilder-seoul-map,subwaybuilder-seoul-map,cromstar,cromstar,https://github.com/cromstar,1,10,10,373,373,363,363,snapshot_2026_09_10.json,snapshot_2026_09_07.json,10,10,0,0
54,xoaninc/madrid-transit-pack,madrid-transit-pack,xoaninc,xoaninc,https://github.com/xoaninc,1,10,10,176,176,166,166,snapshot_2026_09_10.json,snapshot_2026_09_07.json,0,0,10,10
55,pierreggt/subway-builder-istanbul,subway-builder-istanbul,pierreggt,pierreggt,https://github.com/pierreggt,1,9,9,507,507,498,498,snapshot_2026_09_10.json,snapshot_2026_09_07.json,9,9,0,0
56,kronifer/sb-zurich-map,sb-zurich-map,Kronifer,Kronifer,https://github.com/Kronifer,1,8,8,2195,2195,2187,2187,snapshot_2026_09_10.json,snapshot_2026_09_07.json,8,8,0,0
57,mpfk/subway-builder-mode-manager,subway-builder-mode-manager,Mpfk,Mpfk,https://github.com/Mpfk,1,8,8,1890,1890,1882,1882,snapshot_2026_09_10.json,snapshot_2026_09_07.json,0,0,8,8
58,nzh0172/sb-malaysia-map-pack,sb-malaysia-map-pack,nzh0172,naz,https://github.com/nzh0172,1,6,6,572,572,566,566,snapshot_2026_09_10.json,snapshot_2026_09_07.json,6,6,0,0
59,danield1909/pathfinding-realism-mod,Pathfinding-Realism-Mod,DanielD1909,DanielD1909,https://github.com/DanielD1909,1,6,6,286,286,280,280,snapshot_2026_09_10.json,snapshot_2026_09_07.json,0,0,6,6
60,tesarzh/railyard,railyard,Tesarzh,Tesarzh,https://github.com/Tesarzh,1,6,6,251,251,245,245,snapshot_2026_09_10.json,snapshot_2026_09_07.json,0,0,6,6
61,noahgarrf/la-metro-trainpack,la-metro-trainpack,NoahGarrf,NoahGarrf,https://github.com/NoahGarrf,1,6,6,29,29,23,23,snapshot_2026_09_10.json,snapshot_2026_09_07.json,0,0,6,6
62,jelegend/subwaybuilder,subwaybuilder,jelegend,jelegend,https://github.com/jelegend,1,5,5,3769,3769,3764,3764,snapshot_2026_09_10.json,snapshot_2026_09_07.json,5,5,0,0
63,nerdiesanders/subway-builder-gchi,subway-builder-gchi,NerdieSanders,NerdieSanders,https://github.com/NerdieSanders,1,5,5,989,989,984,984,snapshot_2026_09_10.json,snapshot_2026_09_07.json,5,5,0,0
64,bquelhas/subwaybuilder-map-opo,subwaybuilder-map-opo,bquelhas,bquelhas,https://github.com/bquelhas,1,5,5,880,880,875,875,snapshot_2026_09_10.json,snapshot_2026_09_07.json,5,5,0,0
65,barkuperman/tlv-mod,TLV-mod,BarKuperman,BarKuperman,https://github.com/BarKuperman,1,5,5,759,759,754,754,snapshot_2026_09_10.json,snapshot_2026_09_07.json,5,5,0,0
66,transitcore/cinematic-camera,cinematic-camera,TransitCore,TransitCore,https://github.com/TransitCore,1,5,5,624,624,619,619,snapshot_2026_09_10.json,snapshot_2026_09_07.json,0,0,5,5
67,kaicardenas0618/chinese-trains,chinese-trains,kaicardenas0618,kaicardenas0618,https://github.com/kaicardenas0618,1,5,5,519,519,514,514,snapshot_2026_09_10.json,snapshot_2026_09_07.json,0,0,5,5
68,crumpetime/sb-maps-msy,sb-maps-msy,crumpetime,muffintime,https://github.com/crumpetime,1,5,5,263,263,258,258,snapshot_2026_09_10.json,snapshot_2026_09_07.json,5,5,0,0
69,lexenygma/sb-brussels,sb-brussels,lexenygma,lexenygma,https://github.com/lexenygma,1,5,5,131,131,126,126,snapshot_2026_09_10.json,snapshot_2026_09_07.json,5,5,0,0
70,kimth9/sb_korean_transit_pack_v2,sb_korean_transit_pack_v2,kimth9,kimth9,https://github.com/kimth9,1,4,4,434,434,430,430,snapshot_2026_09_10.json,snapshot_2026_09_07.json,0,0,4,4
71,crumpetime/sb-maps-orf,sb-maps-orf,crumpetime,muffintime,https://github.com/crumpetime,1,4,4,320,320,316,316,snapshot_2026_09_10.json,snapshot_2026_09_07.json,4,4,0,0
72,prodigious-penguin/penguin-approved-rolling-stock,Penguin-Approved-Rolling-Stock,prodigious-penguin,prodigious-penguin,https://github.com/prodigious-penguin,1,4,4,215,215,211,211,snapshot_2026_09_10.json,snapshot_2026_09_07.json,0,0,4,4
73,giannons46/sofia-subway-builder-map,sofia-subway-builder-map,giannons46,giannons46,https://github.com/giannons46,1,4,4,173,173,169,169,snapshot_2026_09_10.json,snapshot_2026_09_07.json,4,4,0,0
74,kaicardenas0618/subway-builder-sfl,subway-builder-sfl,kaicardenas0618,kaicardenas0618,https://github.com/kaicardenas0618,1,3,3,446,446,443,443,snapshot_2026_09_10.json,snapshot_2026_09_07.json,3,3,0,0
75,worstboyinaustral1a/subway-builder-za,subway-builder-za,worstboyinaustral1a,worstboyinaustral1a,https://github.com/worstboyinaustral1a,1,3,3,371,371,368,368,snapshot_2026_09_10.json,snapshot_2026_09_07.json,3,3,0,0
76,hernang87/amba-buenos-aires-metropolitan-area-for-subway-builder,AMBA-Buenos-Aires-Metropolitan-Area-for-Subway-Builder,hernang87,hernang87,https://github.com/hernang87,1,3,3,145,145,142,142,snapshot_2026_09_10.json,snapshot_2026_09_07.json,3,3,0,0
77,danield1909/improvedtwincities,improvedTwinCities,DanielD1909,DanielD1909,https://github.com/DanielD1909,1,2,2,492,492,490,490,snapshot_2026_09_10.json,snapshot_2026_09_07.json,2,2,0,0
78,nzh0172/sb-malaysia-map-pack-2,sb-malaysia-map-pack-2,nzh0172,naz,https://github.com/nzh0172,3,2,2,226,226,224,224,snapshot_2026_09_10.json,snapshot_2026_09_07.json,2,2,0,0
79,seanyushoumori/copy-paste,copy-paste,seanyushoumori,seanyushoumori,https://github.com/seanyushoumori,1,2,2,202,202,200,200,snapshot_2026_09_10.json,snapshot_2026_09_07.json,0,0,2,2
80,pierreggt/subway-builder-ankara,subway-builder-ankara,pierreggt,pierreggt,https://github.com/pierreggt,1,2,2,140,140,138,138,snapshot_2026_09_10.json,snapshot_2026_09_07.json,2,2,0,0
81,pierreggt/subway-builder-antalya,subway-builder-antalya,pierreggt,pierreggt,https://github.com/pierreggt,1,2,2,91,91,89,89,snapshot_2026_09_10.json,snapshot_2026_09_07.json,2,2,0,0
82,noahgarrf/unrusted-detroit,unrusted-detroit,NoahGarrf,NoahGarrf,https://github.com/NoahGarrf,1,2,2,2,2,0,0,snapshot_2026_09_10.json,snapshot_2026_09_07.json,0,0,2,2
83,kronifer/sb-glasgow-edinburgh-map,sb-glasgow-edinburgh-map,Kronifer,Kronifer,https://github.com/Kronifer,1,1,1,1037,1037,1036,1036,snapshot_2026_09_10.json,snapshot_2026_09_07.json,1,1,0,0
84,nzh0172/sb-bangkok,sb-bangkok,nzh0172,naz,https://github.com/nzh0172,1,1,1,383,383,382,382,snapshot_2026_09_10.json,snapshot_2026_09_07.json,1,1,0,0
85,lechicken-nyc/greater-new-york,greater-new-york,chasemanning040911-afk,lechicken,https://github.com/chasemanning040911-afk,1,1,1,380,380,379,379,snapshot_2026_09_10.json,snapshot_2026_09_07.json,1,1,0,0
86,barkuperman/jerusalem-sb-map,jerusalem-sb-map,BarKuperman,BarKuperman,https://github.com/BarKuperman,1,1,1,278,278,277,277,snapshot_2026_09_10.json,snapshot_2026_09_07.json,1,1,0,0
87,arniber21/dantrains-abridged,dantrains-abridged,arniber21,arniber21,https://github.com/arniber21,1,1,1,245,245,244,244,snapshot_2026_09_10.json,snapshot_2026_09_07.json,0,0,1,1
88,pierreggt/subway-builder-bordeaux,subway-builder-bordeaux,pierreggt,pierreggt,https://github.com/pierreggt,1,1,1,225,225,224,224,snapshot_2026_09_10.json,snapshot_2026_09_07.json,1,1,0,0
89,pswbsf/connecticut-usa,connecticut-usa,PSWBSF,Potato Spaghetti Water Balloon Space Federation,https://youtu.be/dQw4w9WgXcQ?t=0,1,1,1,191,191,190,190,snapshot_2026_09_10.json,snapshot_2026_09_07.json,1,1,0,0
90,pswbsf/buffalo-ny,buffalo-ny,PSWBSF,Potato Spaghetti Water Balloon Space Federation,https://youtu.be/dQw4w9WgXcQ?t=0,1,1,-1,189,187,188,188,snapshot_2026_09_10.json,snapshot_2026_09_07.json,1,-1,0,0
91,phineapoo/willamette-valley-or,Willamette-Valley-OR,Phineapoo,Phineapoo,https://github.com/Phineapoo,1,1,1,156,156,155,155,snapshot_2026_09_10.json,snapshot_2026_09_07.json,1,1,0,0
92,pswbsf/charleston-sc,charleston-sc,PSWBSF,Potato Spaghetti Water Balloon Space Federation,https://youtu.be/dQw4w9WgXcQ?t=0,1,1,1,151,151,150,150,snapshot_2026_09_10.json,snapshot_2026_09_07.json,1,1,0,0
93,jaytotheay/subwaybuilder-map,subwaybuilder-map,JayToTheAy,JayToTheAy,https://github.com/JayToTheAy,1,1,1,145,145,144,144,snapshot_2026_09_10.json,snapshot_2026_09_07.json,1,1,0,0
94,crumpetime/sb-maps-rdu,sb-maps-rdu,crumpetime,muffintime,https://github.com/crumpetime,1,1,1,142,142,141,141,snapshot_2026_09_10.json,snapshot_2026_09_07.json,1,1,0,0
95,pswbsf/syracuse-ny,syracuse-ny,PSWBSF,Potato Spaghetti Water Balloon Space Federation,https://youtu.be/dQw4w9WgXcQ?t=0,1,1,1,104,104,103,103,snapshot_2026_09_10.json,snapshot_2026_09_07.json,1,1,0,0
96,jcpires/subway-builder-idf,subway-builder-idf,JcPires,JcPires,https://github.com/JcPires,1,1,1,94,94,93,93,snapshot_2026_09_10.json,snapshot_2026_09_07.json,1,1,0,0
97,bean1322/toledo-oh-map.git,toledo-oh-map.git,bean1322,bean1322,https://github.com/bean1322,1,1,1,91,91,90,90,snapshot_2026_09_10.json,snapshot_2026_09_07.json,1,1,0,0
98,bean1322/akron-oh-map,akron-oh-map,bean1322,bean1322,https://github.com/bean1322,1,1,1,90,90,89,89,snapshot_2026_09_10.json,snapshot_2026_09_07.json,1,1,0,0
99,nerdiesanders/subway-builder-spi,subway-builder-spi,NerdieSanders,NerdieSanders,https://github.com/NerdieSanders,1,1,1,50,50,49,49,snapshot_2026_09_10.json,snapshot_2026_09_07.json,1,1,0,0
100,stefanorigano/advanced_analytics,advanced_analytics,stefanorigano,Steno,https://github.com/stefanorigano,1,0,0,14278,14278,14278,14278,snapshot_2026_09_10.json,snapshot_2026_09_07.json,0,0,0,0
101,danield1909/dantrains,danTrains,DanielD1909,DanielD1909,https://github.com/DanielD1909,1,0,0,2433,2433,2433,2433,snapshot_2026_09_10.json,snapshot_2026_09_07.json,0,0,0,0
102,imb11/move-it,move-it,IMB11,IMB11,https://github.com/IMB11,1,0,0,1255,1255,1255,1255,snapshot_2026_09_10.json,snapshot_2026_09_07.json,0,0,0,0
103,kaicardenas0618/subway-builder-peru,subway-builder-peru,kaicardenas0618,kaicardenas0618,https://github.com/kaicardenas0618,9,0,0,795,795,795,795,snapshot_2026_09_10.json,snapshot_2026_09_07.json,0,0,0,0
104,kronifer/sb-dublin-map,sb-dublin-map,Kronifer,Kronifer,https://github.com/Kronifer,1,0,0,610,610,610,610,snapshot_2026_09_10.json,snapshot_2026_09_07.json,0,0,0,0
105,crumpetime/sb-maps-msn,sb-maps-msn,crumpetime,muffintime,https://github.com/crumpetime,1,0,0,363,363,363,363,snapshot_2026_09_10.json,snapshot_2026_09_07.json,0,0,0,0
106,soccerjonj/daytonnati,Daytonnati,soccerjonj,soccerjonj,https://github.com/soccerjonj,1,0,0,357,357,357,357,snapshot_2026_09_10.json,snapshot_2026_09_07.json,0,0,0,0
107,metatablestudios/subwaybuilder-romania,subwaybuilder-romania,metatablestudios,metatablestudios,https://github.com/metatablestudios,1,0,0,314,314,314,314,snapshot_2026_09_10.json,snapshot_2026_09_07.json,0,0,0,0
108,soccerjonj/providence,Providence,soccerjonj,soccerjonj,https://github.com/soccerjonj,1,0,0,241,241,241,241,snapshot_2026_09_10.json,snapshot_2026_09_07.json,0,0,0,0
109,soccerjonj/sacramento,Sacramento,soccerjonj,soccerjonj,https://github.com/soccerjonj,1,0,0,236,236,236,236,snapshot_2026_09_10.json,snapshot_2026_09_07.json,0,0,0,0
110,pswbsf/anchorage-ak,anchorage-ak,PSWBSF,Potato Spaghetti Water Balloon Space Federation,https://youtu.be/dQw4w9WgXcQ?t=0,1,0,0,231,231,231,231,snapshot_2026_09_10.json,snapshot_2026_09_07.json,0,0,0,0
111,soccerjonj/albany,Albany,soccerjonj,soccerjonj,https://github.com/soccerjonj,1,0,0,230,230,230,230,snapshot_2026_09_10.json,snapshot_2026_09_07.json,0,0,0,0
112,soccerjonj/nashville,Nashville,soccerjonj,soccerjonj,https://github.com/soccerjonj,1,0,0,227,227,227,227,snapshot_2026_09_10.json,snapshot_2026_09_07.json,0,0,0,0
113,rslurry/subwaybuilder-pauseonstart,subwaybuilder-pauseOnStart,rslurry,slurry,https://github.com/rslurry,1,0,0,225,225,225,225,snapshot_2026_09_10.json,snapshot_2026_09_07.json,0,0,0,0
114,tathandev/tathancasino,TathanCasino,TathanDev,TathanDev,https://github.com/TathanDev,1,0,0,212,212,212,212,snapshot_2026_09_10.json,snapshot_2026_09_07.json,0,0,0,0
115,pierreggt/subway-builder-nice,subway-builder-nice,pierreggt,pierreggt,https://github.com/pierreggt,1,0,0,206,206,206,206,snapshot_2026_09_10.json,snapshot_2026_09_07.json,0,0,0,0
116,kronifer/sb-waterloo-map,sb-waterloo-map,Kronifer,Kronifer,https://github.com/Kronifer,1,0,0,188,188,188,188,snapshot_2026_09_10.json,snapshot_2026_09_07.json,0,0,0,0
117,soccerjonj/colorado-ski-country,Colorado-Ski-Country,soccerjonj,soccerjonj,https://github.com/soccerjonj,1,0,0,188,188,188,188,snapshot_2026_09_10.json,snapshot_2026_09_07.json,0,0,0,0
118,soccerjonj/louisville,Louisville,soccerjonj,soccerjonj,https://github.com/soccerjonj,1,0,0,183,183,183,183,snapshot_2026_09_10.json,snapshot_2026_09_07.json,0,0,0,0
119,crumpetime/sb-maps-xna,sb-maps-xna,crumpetime,muffintime,https://github.com/crumpetime,1,0,0,158,158,158,158,snapshot_2026_09_10.json,snapshot_2026_09_07.json,0,0,0,0
120,pswbsf/pyongyang-nk,pyongyang-nk,PSWBSF,Potato Spaghetti Water Balloon Space Federation,https://youtu.be/dQw4w9WgXcQ?t=0,1,0,0,158,158,158,158,snapshot_2026_09_10.json,snapshot_2026_09_07.json,0,0,0,0
121,pswbsf/piedmont-triad,piedmont-triad,PSWBSF,Potato Spaghetti Water Balloon Space Federation,https://youtu.be/dQw4w9WgXcQ?t=0,1,0,0,151,151,151,151,snapshot_2026_09_10.json,snapshot_2026_09_07.json,0,0,0,0
122,pswbsf/wilmington-nc,wilmington-nc,PSWBSF,Potato Spaghetti Water Balloon Space Federation,https://youtu.be/dQw4w9WgXcQ?t=0,1,0,0,137,137,137,137,snapshot_2026_09_10.json,snapshot_2026_09_07.json,0,0,0,0
123,nzh0172/sb-hideandseek,sb-hideandseek,nzh0172,naz,https://github.com/nzh0172,1,0,0,135,135,135,135,snapshot_2026_09_10.json,snapshot_2026_09_07.json,0,0,0,0
124,pswbsf/dayton-oh,dayton-oh,PSWBSF,Potato Spaghetti Water Balloon Space Federation,https://youtu.be/dQw4w9WgXcQ?t=0,1,0,0,118,118,118,118,snapshot_2026_09_10.json,snapshot_2026_09_07.json,0,0,0,0
125,barkuperman/anysave,AnySave,BarKuperman,BarKuperman,https://github.com/BarKuperman,1,0,0,112,112,112,112,snapshot_2026_09_10.json,snapshot_2026_09_07.json,0,0,0,0
126,pierreggt/subway-builder-montpellier,subway-builder-montpellier,pierreggt,pierreggt,https://github.com/pierreggt,1,0,0,111,111,111,111,snapshot_2026_09_10.json,snapshot_2026_09_07.json,0,0,0,0
127,crumpetime/sb-maps-rsw,sb-maps-rsw,crumpetime,muffintime,https://github.com/crumpetime,1,0,0,74,74,74,74,snapshot_2026_09_10.json,snapshot_2026_09_07.json,0,0,0,0
128,imb11/subwaycine,SubwayCine,IMB11,IMB11,https://github.com/IMB11,1,0,0,33,33,33,33,snapshot_2026_09_10.json,snapshot_2026_09_07.json,0,0,0,0
129,matematysek/prospector,Prospector,matematysek,matematysek,https://github.com/matematysek,1,0,0,23,23,23,23,snapshot_2026_09_10.json,snapshot_2026_09_07.json,0,0,0,0
130,akospanov/subwaybuildermaps-russia,subwaybuildermaps-russia,akospanov,akospanov,https://github.com/akospanov,1,0,0,0,0,0,0,snapshot_2026_09_10.json,snapshot_2026_09_07.json,0,0,0,0
131,meszier83/subway-builder-mexico-maps,subway-builder-mexico-maps,Meszier83,Meszier83,https://github.com/Meszier83,1,0,0,0,0,0,0,snapshot_2026_09_10.json,snapshot_2026_09_07.json,0,0,0,0
132,subway-builder-modded/registry,registry,subway-builder-modded-admin,Subway Builder Modded,https://subwaybuildermodded.com,2,0,0,0,0,0,0,snapshot_2026_09_10.json,snapshot_2026_09_07.json,0,0,0,0
